BehaviorSpace results (NetLogo 6.2.2),,,,,,,,,,,,,,,,,,,,,,,
cradlemountain - deviation.nlogo,,,,,,,,,,,,,,,,,,,,,,,
experiment,,,,,,,,,,,,,,,,,,,,,,,
10/23/2022 01:55:20:745 +1100,,,,,,,,,,,,,,,,,,,,,,,
min-pxcor,max-pxcor,min-pycor,max-pycor,,,,,,,,,,,,,,,,,,,,
-260,260,-140,140,,,,,,,,,,,,,,,,,,,,
[run number],tourist-count,shortcutting-tourists,shortcut-threshold,test-regrowth-after,deviation-chance,vegetation-growth-rate,attraction-exploration-radius,damage-per-step,attraction-exploration-time,[step],ticks,count patches with [vegetation-health < 5 and not path? and not lake?],happiness-avg / happiness-count,vegetation-decile 1,vegetation-decile 2,vegetation-decile 3,vegetation-decile 4,vegetation-decile 5,vegetation-decile 6,vegetation-decile 7,vegetation-decile 8,vegetation-decile 9,vegetation-decile 10
4,1500,5,60,0,1.5,15,3,1,20,0,0,0,0,0,0,0,0,0,0,0,0,0,128987
2,1500,5,60,0,3,15,3,1,20,0,0,0,0,0,0,0,0,0,0,0,0,0,128987
7,1500,5,60,0,0,15,3,1,20,0,0,0,0,0,0,0,0,0,0,0,0,0,128987
6,1500,5,60,0,0.5,15,3,1,20,0,0,0,0,0,0,0,0,0,0,0,0,0,128987
5,1500,5,60,0,1,15,3,1,20,0,0,0,0,0,0,0,0,0,0,0,0,0,128987
1,1500,5,60,0,5,15,3,1,20,0,0,0,0,0,0,0,0,0,0,0,0,0,128987
3,1500,5,60,0,2,15,3,1,20,0,0,0,0,0,0,0,0,0,0,0,0,0,128987
7,1500,5,60,0,0,15,3,1,20,1,0,1129,99.93337775,1157,48,70,78,88,102,112,207,971,126154
6,1500,5,60,0,0.5,15,3,1,20,1,0,1111,99.93337775,1129,64,57,76,101,97,152,251,1006,126054
4,1500,5,60,0,1.5,15,3,1,20,1,0,1158,99.93337775,1170,62,67,86,105,154,257,431,1529,125126
3,1500,5,60,0,2,15,3,1,20,1,0,1176,99.93337775,1196,65,69,88,137,194,305,595,1699,124639
2,1500,5,60,0,3,15,3,1,20,1,0,1263,99.93337775,1282,76,88,152,195,235,419,693,1841,124006
1,1500,5,60,0,5,15,3,1,20,1,0,1376,99.93337775,1414,133,177,203,318,377,555,795,1782,123233
5,1500,5,60,0,1,15,3,1,20,1,0,1175,99.93337775,1195,61,70,81,89,125,196,362,1654,125154
7,1500,5,60,0,0,15,3,1,20,2,1,1447,99.96667777,1472,59,68,52,82,112,173,626,3558,122785
6,1500,5,60,0,0.5,15,3,1,20,2,1,1463,99.96667777,1485,54,78,68,96,132,296,665,3434,122679
4,1500,5,60,0,1.5,15,3,1,20,2,1,1527,99.96667777,1553,86,111,127,172,270,460,1014,4132,121062
3,1500,5,60,0,2,15,3,1,20,2,1,1611,99.96667777,1643,112,106,163,278,330,502,1062,4015,120776
2,1500,5,60,0,3,15,3,1,20,2,1,1845,99.96667777,1891,145,191,237,306,417,606,1301,5088,118805
1,1500,5,60,0,5,15,3,1,20,2,1,2328,99.96667777,2407,201,228,286,383,444,603,1164,3686,119585
5,1500,5,60,0,1,15,3,1,20,2,1,1538,99.96667777,1556,73,86,97,141,222,416,1263,5172,119961
6,1500,5,60,0,0.5,15,3,1,20,3,2,1644,99.97778271,1676,56,66,95,168,260,489,1462,5659,119056
7,1500,5,60,0,0,15,3,1,20,3,2,1650,99.97778271,1668,37,55,88,100,184,437,1445,5847,119126
4,1500,5,60,0,1.5,15,3,1,20,3,2,1852,99.97778271,1881,104,140,203,282,428,785,2041,6769,116354
3,1500,5,60,0,2,15,3,1,20,3,2,1998,99.97778271,2045,156,201,237,347,441,846,2142,6460,116112
2,1500,5,60,0,3,15,3,1,20,3,2,2393,97.74516774,2450,213,224,294,390,538,895,2443,6753,114787
1,1500,5,60,0,5,15,3,1,20,3,2,3041,99.94978894,3129,224,263,319,380,530,859,1908,5855,115520
5,1500,5,60,0,1,15,3,1,20,3,2,1774,95.808487,1793,94,106,130,247,419,822,2186,7100,116090
6,1500,5,60,0,0.5,15,3,1,20,4,3,1798,96.26645559,1823,75,106,170,242,397,820,2311,6722,116321
7,1500,5,60,0,0,15,3,1,20,4,3,1763,96.01399767,1787,66,75,93,183,370,799,2352,6440,116822
4,1500,5,60,0,1.5,15,3,1,20,4,3,2128,97.21629728,2167,160,202,265,403,660,1183,3187,7249,113511
3,1500,5,60,0,2,15,3,1,20,4,3,2375,96.12731211,2457,187,217,306,419,670,1231,2945,7637,112918
2,1500,5,60,0,3,15,3,1,20,4,3,2851,92.90351608,2935,242,263,358,483,724,1394,3368,7145,112075
1,1500,5,60,0,5,15,3,1,20,4,3,3602,94.58540243,3682,255,254,362,473,668,1152,2592,6859,112690
5,1500,5,60,0,1,15,3,1,20,4,3,1985,93.3166139,2007,121,152,247,398,666,1373,3169,7493,113361
6,1500,5,60,0,0.5,15,3,1,20,5,4,1958,94.33168911,1983,132,145,207,367,637,1411,3105,6626,114374
7,1500,5,60,0,0,15,3,1,20,5,4,1893,93.83068924,1904,67,100,184,314,567,1285,3153,5720,115693
4,1500,5,60,0,1.5,15,3,1,20,5,4,2410,94.58432209,2485,197,241,356,548,871,1737,3657,6612,112283
3,1500,5,60,0,2,15,3,1,20,5,4,2766,91.95640581,2827,213,255,424,566,923,1781,3760,7342,110896
2,1500,5,60,0,3,15,3,1,20,5,4,3282,88.38328223,3373,235,315,417,615,932,1898,3683,6477,111042
1,1500,5,60,0,5,15,3,1,20,5,4,4048,88.34635382,4126,241,313,416,560,810,1416,3093,6362,111650
5,1500,5,60,0,1,15,3,1,20,5,4,2195,89.88881482,2236,162,219,357,544,906,1811,3766,6963,112023
6,1500,5,60,0,0.5,15,3,1,20,6,5,2122,92.51183202,2162,163,184,329,533,972,1769,3525,6034,113316
7,1500,5,60,0,0,15,3,1,20,6,5,1965,91.52727475,1989,103,147,256,404,774,1682,3400,5006,115226
4,1500,5,60,0,1.5,15,3,1,20,6,5,2721,90.2974114,2801,247,318,470,772,1152,2137,3785,5531,111774
3,1500,5,60,0,2,15,3,1,20,6,5,3089,87.95922675,3170,272,353,520,787,1222,2212,4224,6329,109898
2,1500,5,60,0,3,15,3,1,20,6,5,3652,84.50827686,3741,301,380,511,765,1216,2325,3805,4975,110968
1,1500,5,60,0,5,15,3,1,20,6,5,4418,83.1265415,4498,310,355,460,686,1012,1829,3534,5212,111091
5,1500,5,60,0,1,15,3,1,20,6,5,2422,87.58460171,2492,236,286,450,741,1178,2199,4009,5969,111427
6,1500,5,60,0,0.5,15,3,1,20,7,6,2323,90.01895058,2379,195,281,428,785,1183,2237,3532,5653,112314
7,1500,5,60,0,0,15,3,1,20,7,6,2073,89.0574231,2110,149,188,324,562,1035,1911,3200,4178,115330
4,1500,5,60,0,1.5,15,3,1,20,7,6,3021,87.17503095,3105,314,393,607,911,1397,2291,3641,4841,111487
3,1500,5,60,0,2,15,3,1,20,7,6,3461,84.68822017,3565,326,444,644,954,1529,2562,4192,5338,109433
2,1500,5,60,0,3,15,3,1,20,7,6,4039,80.13589182,4146,353,458,650,952,1548,2483,3481,4188,110728
1,1500,5,60,0,5,15,3,1,20,7,6,4761,78.23169222,4871,319,404,537,790,1198,2097,3564,4739,110468
5,1500,5,60,0,1,15,3,1,20,7,6,2713,84.66279402,2794,280,405,584,951,1486,2467,3806,4880,111334
6,1500,5,60,0,0.5,15,3,1,20,8,7,2528,87.24831264,2612,264,386,574,961,1453,2397,3417,5081,111842
7,1500,5,60,0,0,15,3,1,20,8,7,2234,86.4872094,2286,169,302,439,820,1228,2070,2839,3884,114950
4,1500,5,60,0,1.5,15,3,1,20,8,7,3315,83.73193901,3423,356,477,651,1127,1572,2385,3175,4382,111439
3,1500,5,60,0,2,15,3,1,20,8,7,3794,80.772019,3919,403,511,738,1173,1696,2730,3842,4595,109380
2,1500,5,60,0,3,15,3,1,20,8,7,4435,76.65211232,4542,401,564,760,1231,1793,2509,3114,4024,110049
1,1500,5,60,0,5,15,3,1,20,8,7,5150,73.8635947,5268,371,422,688,937,1413,2302,3074,4336,110176
5,1500,5,60,0,1,15,3,1,20,8,7,2985,82.3163903,3078,367,454,731,1112,1635,2567,3465,4419,111159
6,1500,5,60,0,0.5,15,3,1,20,9,8,2789,84.78623806,2871,329,449,773,1090,1658,2387,3315,4610,111505
7,1500,5,60,0,0,15,3,1,20,9,8,2417,84.09940004,2479,265,364,655,922,1433,2140,2614,4187,113928
4,1500,5,60,0,1.5,15,3,1,20,9,8,3672,80.88356418,3780,431,548,829,1211,1715,2238,2836,4241,111158
3,1500,5,60,0,2,15,3,1,20,9,8,4134,77.63299015,4277,468,559,904,1267,1830,2710,3326,3568,110078
2,1500,5,60,0,3,15,3,1,20,9,8,4780,73.29886675,4935,489,622,929,1362,1805,2516,2787,4247,109295
1,1500,5,60,0,5,15,3,1,20,9,8,5482,69.86215836,5621,370,544,743,1066,1601,2293,2835,4089,109825
5,1500,5,60,0,1,15,3,1,20,9,8,3262,79.89882231,3374,404,562,822,1182,1719,2543,2952,3820,111609
6,1500,5,60,0,0.5,15,3,1,20,10,9,2992,82.31191254,3098,408,557,827,1195,1754,2285,3116,4172,111575
7,1500,5,60,0,0,15,3,1,20,10,9,2636,81.90180655,2717,329,511,747,1076,1570,2067,2521,4617,112832
4,1500,5,60,0,1.5,15,3,1,20,10,9,4047,78.31371242,4185,497,655,993,1366,1743,2174,2649,4104,110621
3,1500,5,60,0,2,15,3,1,20,10,9,4475,74.7834811,4630,496,663,982,1404,1869,2528,3001,3349,110065
2,1500,5,60,0,3,15,3,1,20,10,9,5180,70.46216919,5365,550,712,1078,1413,1849,2312,2483,4162,109063
1,1500,5,60,0,5,15,3,1,20,10,9,5852,66.41923872,6009,450,623,837,1279,1637,2169,2623,3707,109653
5,1500,5,60,0,1,15,3,1,20,10,9,3607,78.07806146,3749,465,653,991,1302,1672,2372,2617,3485,111681
6,1500,5,60,0,0.5,15,3,1,20,11,10,3262,79.98387976,3392,488,620,927,1331,1730,2102,2753,3748,111896
7,1500,5,60,0,0,15,3,1,20,11,10,2858,79.7868008,2972,412,601,837,1182,1594,1915,2611,4492,112371
4,1500,5,60,0,1.5,15,3,1,20,11,10,4366,75.73522817,4532,564,760,1021,1447,1746,2142,2541,4209,110025
3,1500,5,60,0,2,15,3,1,20,11,10,4862,72.45203321,5042,533,744,1022,1481,1850,2424,2617,3159,110115
2,1500,5,60,0,3,15,3,1,20,11,10,5610,67.94733653,5809,648,812,1171,1471,1800,2104,2398,3897,108877
1,1500,5,60,0,5,15,3,1,20,11,10,6240,63.12914369,6413,531,666,979,1390,1647,2089,2467,3758,109047
5,1500,5,60,0,1,15,3,1,20,11,10,3910,75.82201079,4079,548,773,1032,1360,1786,2191,2465,3814,110939
6,1500,5,60,0,0.5,15,3,1,20,12,11,3500,78.00966613,3672,520,673,991,1405,1651,2074,2499,3587,111915
7,1500,5,60,0,0,15,3,1,20,12,11,3110,77.82717627,3256,484,643,878,1254,1596,1864,2572,4311,112129
4,1500,5,60,0,1.5,15,3,1,20,12,11,4716,73.67407366,4927,601,854,1086,1453,1671,2025,2337,4127,109906
3,1500,5,60,0,2,15,3,1,20,12,11,5164,70.31409366,5341,626,764,1182,1489,1786,2289,2274,2998,110238
2,1500,5,60,0,3,15,3,1,20,12,11,5989,65.39086717,6208,710,932,1170,1492,1741,1927,2427,3743,108637
1,1500,5,60,0,5,15,3,1,20,12,11,6564,60.44147547,6757,582,755,1052,1354,1711,1842,2326,3545,109063
5,1500,5,60,0,1,15,3,1,20,12,11,4244,73.74223654,4443,658,802,1102,1388,1798,2001,2313,3901,110581
6,1500,5,60,0,0.5,15,3,1,20,13,12,3861,76.10558433,4027,558,794,1146,1361,1621,1976,2275,3337,111892
7,1500,5,60,0,0,15,3,1,20,13,12,3491,75.87954464,3638,592,719,951,1353,1478,1754,2577,3960,111965
4,1500,5,60,0,1.5,15,3,1,20,13,12,5089,71.55807394,5313,718,903,1154,1436,1587,1868,2381,3789,109838
3,1500,5,60,0,2,15,3,1,20,13,12,5493,68.19224655,5711,633,880,1201,1453,1752,2046,1994,3015,110302
2,1500,5,60,0,3,15,3,1,20,13,12,6420,63.06220194,6633,795,952,1218,1468,1602,1735,2324,3322,108938
1,1500,5,60,0,5,15,3,1,20,13,12,6982,58.16188913,7200,710,826,1109,1372,1614,1676,2190,3577,108713
5,1500,5,60,0,1,15,3,1,20,13,12,4651,72.12245526,4862,725,862,1150,1420,1756,1930,2386,4027,109869
6,1500,5,60,0,0.5,15,3,1,20,14,13,4113,74.31446122,4303,658,865,1165,1340,1591,1849,2116,3355,111745
7,1500,5,60,0,0,15,3,1,20,14,13,3761,74.06028284,3939,601,775,1072,1332,1453,1740,2689,3570,111816
4,1500,5,60,0,1.5,15,3,1,20,14,13,5459,69.46802533,5690,787,924,1211,1381,1517,1788,2316,3470,109903
3,1500,5,60,0,2,15,3,1,20,14,13,5891,66.2102757,6094,713,963,1202,1414,1690,1688,1912,2857,110454
2,1500,5,60,0,3,15,3,1,20,14,13,6835,61.12356554,7088,874,974,1252,1392,1450,1710,2115,3074,109058
1,1500,5,60,0,5,15,3,1,20,14,13,7359,56.00080949,7599,734,892,1154,1407,1492,1724,2160,3463,108362
5,1500,5,60,0,1,15,3,1,20,14,13,5008,70.50640446,5237,756,895,1169,1459,1647,1797,2305,3746,109976
6,1500,5,60,0,0.5,15,3,1,20,15,14,4469,72.77045465,4712,711,933,1101,1334,1508,1691,2103,3424,111470
7,1500,5,60,0,0,15,3,1,20,15,14,4046,72.73383405,4261,628,794,1100,1314,1359,1745,2507,3263,112016
3,1500,5,60,0,2,15,3,1,20,15,14,6218,64.39584907,6460,771,996,1152,1472,1590,1510,1828,2758,110450
4,1500,5,60,0,1.5,15,3,1,20,15,14,5845,67.58970712,6114,770,1018,1179,1298,1505,1614,2162,2969,110358
2,1500,5,60,0,3,15,3,1,20,15,14,7211,59.18914715,7544,837,1009,1200,1361,1394,1627,1851,2788,109376
1,1500,5,60,0,5,15,3,1,20,15,14,7751,54.10568419,7999,745,986,1159,1368,1408,1607,2133,3372,108210
5,1500,5,60,0,1,15,3,1,20,15,14,5356,68.94938003,5601,798,943,1143,1453,1480,1634,2038,3110,110787
6,1500,5,60,0,0.5,15,3,1,20,16,15,4867,71.4495646,5128,745,954,1104,1302,1468,1549,2172,3626,110939
7,1500,5,60,0,0,15,3,1,20,16,15,4330,71.38440065,4523,696,843,1106,1226,1307,1716,2330,3230,112010
3,1500,5,60,0,2,15,3,1,20,16,15,6579,62.58985042,6839,862,984,1141,1452,1441,1445,1781,2795,110247
4,1500,5,60,0,1.5,15,3,1,20,16,15,6253,66.00283322,6519,856,981,1195,1255,1480,1640,2005,2914,110142
2,1500,5,60,0,3,15,3,1,20,16,15,7651,57.46048081,7962,851,1000,1138,1277,1365,1539,1757,2781,109317
1,1500,5,60,0,5,15,3,1,20,16,15,8168,52.57355944,8435,787,976,1181,1305,1327,1567,2090,3215,108104
6,1500,5,60,0,0.5,15,3,1,20,17,16,5222,70.3586526,5487,795,985,1109,1243,1392,1575,2089,3717,110595
5,1500,5,60,0,1,15,3,1,20,16,15,5769,67.48172993,6058,820,906,1134,1408,1410,1519,1972,3044,110716
7,1500,5,60,0,0,15,3,1,20,17,16,4564,70.14630799,4830,679,886,1065,1191,1274,1567,2108,3065,112322
3,1500,5,60,0,2,15,3,1,20,17,16,7018,61.02109721,7324,869,965,1196,1387,1355,1383,1745,3085,109678
4,1500,5,60,0,1.5,15,3,1,20,17,16,6584,64.45182542,6879,855,1009,1146,1277,1355,1636,1884,3096,109850
2,1500,5,60,0,3,15,3,1,20,17,16,8107,55.94106113,8392,879,981,1075,1194,1359,1388,1675,2764,109280
1,1500,5,60,0,5,15,3,1,20,17,16,8543,50.93643387,8795,899,951,1159,1255,1326,1486,1972,2972,108172
6,1500,5,60,0,0.5,15,3,1,20,18,17,5769,69.30735899,6056,855,923,1116,1201,1306,1542,2024,3894,110070
7,1500,5,60,0,0,15,3,1,20,18,17,4929,69.23091737,5192,765,891,1007,1105,1243,1435,2014,2906,112429
5,1500,5,60,0,1,15,3,1,20,17,16,6168,66.19924709,6469,835,950,1174,1292,1373,1423,1909,3098,110464
3,1500,5,60,0,2,15,3,1,20,18,17,7458,59.68630791,7755,892,970,1249,1309,1219,1403,1807,3496,108887
4,1500,5,60,0,1.5,15,3,1,20,18,17,6961,62.9534832,7232,883,1018,1091,1217,1335,1567,1666,3212,109766
2,1500,5,60,0,3,15,3,1,20,18,17,8515,54.51312914,8830,900,947,1056,1120,1300,1333,1623,2896,108982
1,1500,5,60,0,5,15,3,1,20,18,17,8915,49.512981,9215,919,957,1132,1204,1313,1485,1887,2968,107907
6,1500,5,60,0,0.5,15,3,1,20,19,18,6069,68.05361215,6363,855,935,1080,1213,1271,1530,2072,4050,109618
7,1500,5,60,0,0,15,3,1,20,19,18,5279,68.19690537,5527,796,889,1028,1042,1203,1521,1842,2883,112256
5,1500,5,60,0,1,15,3,1,20,18,17,6528,64.99655568,6832,834,969,1200,1236,1319,1369,1898,2986,110344
3,1500,5,60,0,2,15,3,1,20,19,18,7808,58.17009929,8129,905,1020,1189,1206,1188,1411,1812,3617,108510
4,1500,5,60,0,1.5,15,3,1,20,19,18,7321,61.52563068,7651,856,974,1091,1168,1308,1439,1667,3167,109666
2,1500,5,60,0,3,15,3,1,20,19,18,8852,52.87446055,9155,904,948,1013,1174,1180,1267,1593,2978,108775
1,1500,5,60,0,5,15,3,1,20,19,18,9320,48.08701449,9626,889,1006,1071,1163,1235,1461,1873,3059,107604
6,1500,5,60,0,0.5,15,3,1,20,20,19,6373,67.06169794,6634,849,920,1068,1110,1271,1397,1980,3388,110370
7,1500,5,60,0,0,15,3,1,20,20,19,5589,67.3318556,5857,806,894,1004,1043,1153,1433,1735,3097,111965
5,1500,5,60,0,1,15,3,1,20,19,18,6908,63.73499175,7206,853,1009,1108,1220,1232,1325,1829,3143,110062
3,1500,5,60,0,2,15,3,1,20,20,19,8219,56.79880671,8532,871,1034,1136,1133,1178,1331,1792,3279,108701
4,1500,5,60,0,1.5,15,3,1,20,20,19,7739,60.23045898,8035,883,943,1049,1137,1248,1349,1775,3279,109289
2,1500,5,60,0,3,15,3,1,20,20,19,9250,51.74184194,9566,891,916,1000,1046,1121,1211,1506,2890,108840
1,1500,5,60,0,5,15,3,1,20,20,19,9670,46.83713876,9969,882,1007,1008,1111,1195,1371,1853,2806,107785
6,1500,5,60,0,0.5,15,3,1,20,21,20,6740,66.20250151,7040,840,929,1026,1061,1226,1395,1922,3133,110415
7,1500,5,60,0,0,15,3,1,20,21,20,5845,66.6025523,6138,821,918,914,1033,1144,1364,1631,3298,111726
5,1500,5,60,0,1,15,3,1,20,20,19,7274,62.54864838,7560,884,1023,1069,1136,1234,1236,1788,3328,109729
3,1500,5,60,0,2,15,3,1,20,21,20,8595,55.39189232,8894,896,995,1072,1072,1152,1356,1733,2970,108847
4,1500,5,60,0,1.5,15,3,1,20,21,20,8046,58.95863623,8358,879,949,998,1076,1202,1305,1788,3456,108976
2,1500,5,60,0,3,15,3,1,20,21,20,9675,50.55782356,9990,835,914,1006,996,1063,1249,1597,3052,108285
1,1500,5,60,0,5,15,3,1,20,21,20,9985,45.80975207,10326,873,938,968,1054,1173,1359,1639,2874,107783
6,1500,5,60,0,0.5,15,3,1,20,22,21,7112,65.3357474,7407,877,879,1040,1048,1221,1372,1919,3145,110079
7,1500,5,60,0,0,15,3,1,20,22,21,6155,65.86748886,6434,804,930,921,956,1180,1262,1589,3140,111771
3,1500,5,60,0,2,15,3,1,20,22,21,8898,54.19620618,9190,893,981,1019,1029,1107,1310,1812,2936,108710
5,1500,5,60,0,1,15,3,1,20,21,20,7580,61.31964065,7878,852,1008,1049,1077,1159,1288,1712,3096,109868
4,1500,5,60,0,1.5,15,3,1,20,22,21,8328,57.78027939,8631,879,889,992,1021,1078,1279,1760,3307,109151
2,1500,5,60,0,3,15,3,1,20,22,21,9983,49.48916699,10271,818,923,941,990,1041,1228,1661,3041,108073
1,1500,5,60,0,5,15,3,1,20,22,21,10331,44.71340262,10635,860,920,962,1027,1080,1269,1592,2850,107792
6,1500,5,60,0,0.5,15,3,1,20,23,22,7450,64.37987305,7730,875,888,942,1094,1135,1501,1871,3311,109640
7,1500,5,60,0,0,15,3,1,20,23,22,6425,65.10089563,6738,834,828,910,950,1138,1172,1599,3022,111796
3,1500,5,60,0,2,15,3,1,20,23,22,9164,53.10689545,9468,936,910,961,1010,1081,1261,1775,2855,108730
5,1500,5,60,0,1,15,3,1,20,22,21,7909,60.27380988,8191,879,927,985,1102,1052,1233,1734,3067,109817
4,1500,5,60,0,1.5,15,3,1,20,23,22,8652,56.67450219,8963,850,823,964,967,1061,1254,1729,2945,109431
4,1000,5,60,0,1.5,15,3,1,20,0,0,0,0,0,0,0,0,0,0,0,0,0,128987
7,1000,5,60,0,0,15,3,1,20,0,0,0,0,0,0,0,0,0,0,0,0,0,128987
3,1000,5,60,0,2,15,3,1,20,0,0,0,0,0,0,0,0,0,0,0,0,0,128987
2,1000,5,60,0,3,15,3,1,20,0,0,0,0,0,0,0,0,0,0,0,0,0,128987
5,1000,5,60,0,1,15,3,1,20,0,0,0,0,0,0,0,0,0,0,0,0,0,128987
1,1000,5,60,0,5,15,3,1,20,0,0,0,0,0,0,0,0,0,0,0,0,0,128987
6,1000,5,60,0,0.5,15,3,1,20,0,0,0,0,0,0,0,0,0,0,0,0,0,128987
6,1000,5,60,0,0.5,15,3,1,20,1,0,882,99.9,903,62,79,76,102,92,152,221,591,126709
7,1000,5,60,0,0,15,3,1,20,1,0,914,99.9,930,53,70,72,86,108,148,202,505,126813
4,1000,5,60,0,1.5,15,3,1,20,1,0,941,99.9,961,66,76,76,100,117,208,341,1270,125772
5,1000,5,60,0,1,15,3,1,20,1,0,928,99.9,950,58,80,78,88,116,145,268,776,126428
1,1000,5,60,0,5,15,3,1,20,1,0,1071,99.9,1097,104,95,138,205,272,460,733,1819,124064
3,1000,5,60,0,2,15,3,1,20,1,0,964,99.9,985,67,73,81,101,130,228,421,1175,125726
2,1000,5,60,0,3,15,3,1,20,1,0,998,99.9,1017,70,98,100,134,198,295,578,1624,124873
6,1000,5,60,0,0.5,15,3,1,20,2,1,1266,99.94997499,1288,47,59,90,92,113,142,359,2043,124754
7,1000,5,60,0,0,15,3,1,20,2,1,1256,99.94997499,1278,65,50,73,97,105,135,327,1785,125072
1,1000,5,60,0,5,15,3,1,20,2,1,1703,99.94997499,1753,164,207,273,315,395,593,1020,3093,121174
4,1000,5,60,0,1.5,15,3,1,20,2,1,1304,99.94997499,1320,64,79,96,155,200,341,704,3089,122939
3,1000,5,60,0,2,15,3,1,20,2,1,1355,99.94997499,1377,70,96,125,165,258,361,823,2926,122786
5,1000,5,60,0,1,15,3,1,20,2,1,1297,99.94997499,1317,61,71,76,108,126,259,497,2401,124071
2,1000,5,60,0,3,15,3,1,20,2,1,1462,99.94997499,1495,108,123,176,236,328,530,905,3192,121894
6,1000,5,60,0,0.5,15,3,1,20,3,2,1459,99.96664443,1483,57,61,79,99,121,252,791,3771,122273
7,1000,5,60,0,0,15,3,1,20,3,2,1465,99.96664443,1477,55,60,77,84,111,190,685,3684,122564
1,1000,5,60,0,5,15,3,1,20,3,2,2326,99.96664443,2399,199,248,265,394,478,731,1579,5062,117632
3,1000,5,60,0,2,15,3,1,20,3,2,1616,99.96664443,1650,110,125,193,228,349,564,1255,4606,119907
4,1000,5,60,0,1.5,15,3,1,20,3,2,1543,99.96664443,1581,89,118,134,197,270,513,1317,4848,119920
5,1000,5,60,0,1,15,3,1,20,3,2,1499,99.96664443,1532,73,72,92,152,193,385,1000,4508,120980
2,1000,5,60,0,3,15,3,1,20,3,2,1829,99.96664443,1874,155,183,246,331,364,639,1387,4391,119417
6,1000,5,60,0,0.5,15,3,1,20,4,3,1618,99.97498124,1638,58,59,92,129,234,557,1439,5382,119399
1,1000,5,60,0,5,15,3,1,20,4,3,2832,98.89567175,2916,212,263,328,396,528,913,2047,5804,115580
7,1000,5,60,0,0,15,3,1,20,4,3,1587,99.97498124,1601,53,63,77,87,123,335,1182,4816,120650
3,1000,5,60,0,2,15,3,1,20,4,3,1884,99.97498124,1927,143,173,220,316,434,746,1972,5596,117460
4,1000,5,60,0,1.5,15,3,1,20,4,3,1766,99.97498124,1807,97,130,181,282,379,784,1944,5616,117767
5,1000,5,60,0,1,15,3,1,20,4,3,1677,99.97498124,1705,71,83,135,191,277,592,1568,5614,118751
2,1000,5,60,0,3,15,3,1,20,4,3,2188,97.8361271,2272,160,233,297,344,475,871,1927,5215,117193
6,1000,5,60,0,0.5,15,3,1,20,5,4,1723,98.1285028,1745,51,81,107,176,389,784,2114,5738,117802
1,1000,5,60,0,5,15,3,1,20,5,4,3262,97.56745396,3344,245,276,322,472,637,1185,2336,5269,114901
7,1000,5,60,0,0,15,3,1,20,5,4,1677,97.64311449,1699,56,65,71,95,237,537,1583,4772,119872
3,1000,5,60,0,2,15,3,1,20,5,4,2153,98.09727782,2203,148,202,258,370,517,966,2418,5634,116271
4,1000,5,60,0,1.5,15,3,1,20,5,4,1948,99.63690953,1990,124,173,216,324,553,976,2327,5380,116924
5,1000,5,60,0,1,15,3,1,20,5,4,1816,98.27582066,1842,85,134,164,224,422,806,2166,5562,117582
2,1000,5,60,0,3,15,3,1,20,5,4,2553,96.47698159,2623,203,240,309,403,576,1092,2366,5233,115942
6,1000,5,60,0,0.5,15,3,1,20,6,5,1804,96.71392827,1825,68,109,145,255,483,925,2308,5071,117798
1,1000,5,60,0,5,15,3,1,20,6,5,3638,95.06972477,3721,240,278,404,564,807,1334,2548,4527,114564
7,1000,5,60,0,0,15,3,1,20,6,5,1772,96.18698916,1791,58,62,83,185,360,815,2080,4321,119232
3,1000,5,60,0,2,15,3,1,20,6,5,2391,96.72410342,2448,195,232,328,433,687,1386,2617,4996,115665
4,1000,5,60,0,1.5,15,3,1,20,6,5,2142,98.1706422,2199,156,191,280,416,691,1222,2616,4334,116882
5,1000,5,60,0,1,15,3,1,20,6,5,1951,97.00683903,1985,114,129,210,350,516,1124,2567,4944,117048
2,1000,5,60,0,3,15,3,1,20,6,5,2871,94.96346956,2950,224,247,333,442,714,1219,2651,4576,115631
6,1000,5,60,0,0.5,15,3,1,20,7,6,1893,95.57263369,1920,83,126,175,324,565,1042,2242,3930,118580
1,1000,5,60,0,5,15,3,1,20,7,6,3942,92.51486989,4027,245,316,469,611,877,1393,2558,3873,114618
7,1000,5,60,0,0,15,3,1,20,7,6,1851,95.00371747,1870,53,73,149,238,459,978,2391,3951,118825
3,1000,5,60,0,2,15,3,1,20,7,6,2651,94.96511295,2722,205,280,375,556,909,1557,2938,4304,115141
4,1000,5,60,0,1.5,15,3,1,20,7,6,2346,97.01258221,2389,186,225,365,483,834,1389,2651,3833,116632
5,1000,5,60,0,1,15,3,1,20,7,6,2087,95.97740921,2125,123,190,274,371,720,1279,2691,4188,117026
2,1000,5,60,0,3,15,3,1,20,7,6,3132,93.09979983,3230,250,275,362,548,788,1509,2568,4032,115425
6,1000,5,60,0,0.5,15,3,1,20,8,7,1982,94.62980108,2010,120,147,218,388,649,1147,2165,3397,118746
7,1000,5,60,0,0,15,3,1,20,8,7,1901,94.0791943,1916,61,112,201,278,585,1056,2269,3537,118972
1,1000,5,60,0,5,15,3,1,20,8,7,4194,90.1214813,4282,270,370,483,625,941,1367,2263,3047,115339
3,1000,5,60,0,2,15,3,1,20,8,7,2890,93.50419117,2971,260,310,453,671,1074,1800,2785,4256,114407
5,1000,5,60,0,1,15,3,1,20,8,7,2218,94.69047917,2260,168,241,286,457,886,1429,2505,4007,116748
4,1000,5,60,0,1.5,15,3,1,20,8,7,2529,95.27323908,2595,222,273,401,612,908,1522,2383,3562,116509
2,1000,5,60,0,3,15,3,1,20,8,7,3396,91.19504566,3469,275,287,409,599,897,1633,2457,3596,115365
6,1000,5,60,0,0.5,15,3,1,20,9,8,2093,94.25645018,2138,137,171,294,492,726,1200,1972,3109,118748
1,1000,5,60,0,5,15,3,1,20,9,8,4468,88.14412811,4562,323,416,528,688,930,1354,1876,2840,115470
7,1000,5,60,0,0,15,3,1,20,9,8,1953,93.00177936,1973,98,155,221,376,675,1185,2037,3157,119110
3,1000,5,60,0,2,15,3,1,20,9,8,3128,91.85998665,3206,280,352,552,756,1138,1827,2611,4085,114180
4,1000,5,60,0,1.5,15,3,1,20,9,8,2715,93.67015125,2798,246,353,459,749,984,1617,2185,3622,115974
5,1000,5,60,0,1,15,3,1,20,9,8,2380,93.38345196,2446,199,263,349,631,1006,1523,2206,4044,116320
2,1000,5,60,0,3,15,3,1,20,9,8,3643,89.67893683,3728,260,310,452,613,1041,1597,2191,3315,115480
6,1000,5,60,0,0.5,15,3,1,20,10,9,2202,93.2674407,2235,162,221,364,516,878,1209,1964,3267,118171
1,1000,5,60,0,5,15,3,1,20,10,9,4736,86.10879792,4864,369,440,540,742,974,1353,1666,3134,114905
7,1000,5,60,0,0,15,3,1,20,10,9,2048,91.58993094,2085,148,182,279,516,794,1330,1887,3546,118220
3,1000,5,60,0,2,15,3,1,20,10,9,3361,89.97868081,3450,307,406,614,843,1258,1712,2370,4033,113994
4,1000,5,60,0,1.5,15,3,1,20,10,9,2957,92.23721349,3053,293,377,538,803,1101,1614,2173,4015,115020
5,1000,5,60,0,1,15,3,1,20,10,9,2541,92.27724952,2605,236,268,449,776,1030,1539,2077,4124,115883
2,1000,5,60,0,3,15,3,1,20,10,9,3875,88.23561205,3958,278,386,472,739,1112,1517,1997,3175,115353
6,1000,5,60,0,0.5,15,3,1,20,11,10,2325,92.32474977,2372,175,256,391,604,867,1225,1803,3389,117905
1,1000,5,60,0,5,15,3,1,20,11,10,5003,84.40245678,5123,403,431,574,770,971,1194,1539,3215,114767
3,1000,5,60,0,2,15,3,1,20,11,10,3569,88.59299363,3683,376,465,635,936,1268,1688,2182,3765,113989
4,1000,5,60,0,1.5,15,3,1,20,11,10,3146,91.04094631,3248,320,415,584,827,1215,1520,2244,4112,114502
7,1000,5,60,0,0,15,3,1,20,11,10,2162,90.63039126,2210,173,200,362,616,940,1351,1914,3807,117414
2,1000,5,60,0,3,15,3,1,20,11,10,4087,86.99790719,4167,334,390,539,851,1145,1472,1830,3188,115071
5,1000,5,60,0,1,15,3,1,20,11,10,2721,91.12975432,2789,228,341,565,812,1030,1518,2015,3838,115851
6,1000,5,60,0,0.5,15,3,1,20,12,11,2431,91.28676287,2479,208,288,432,677,823,1204,1749,3382,117745
1,1000,5,60,0,5,15,3,1,20,12,11,5262,82.49720577,5380,398,456,600,721,981,1079,1506,3096,114770
3,1000,5,60,0,2,15,3,1,20,12,11,3812,87.3211277,3945,388,522,732,967,1203,1594,2085,3653,113898
7,1000,5,60,0,0,15,3,1,20,12,11,2269,89.56426724,2313,185,246,455,667,962,1319,1923,3709,117208
4,1000,5,60,0,1.5,15,3,1,20,12,11,3336,89.84252231,3446,346,447,622,814,1171,1403,2124,3874,114740
2,1000,5,60,0,3,15,3,1,20,12,11,4291,85.90549671,4416,326,445,621,868,1128,1365,1755,3201,114862
5,1000,5,60,0,1,15,3,1,20,12,11,2883,90.20877471,2967,287,406,627,867,1094,1453,1949,3693,115644
6,1000,5,60,0,0.5,15,3,1,20,13,12,2539,90.28210656,2597,243,326,486,675,850,1188,1659,3326,117637
1,1000,5,60,0,5,15,3,1,20,13,12,5553,80.57391438,5690,409,484,630,793,911,1043,1590,3038,114399
7,1000,5,60,0,0,15,3,1,20,13,12,2349,88.87041885,2410,178,293,478,661,964,1251,1807,3294,117651
3,1000,5,60,0,2,15,3,1,20,13,12,4041,86.11603018,4168,431,523,779,986,1169,1531,2077,3303,114020
4,1000,5,60,0,1.5,15,3,1,20,13,12,3562,88.86980289,3677,384,499,668,844,1118,1373,1926,3335,115163
2,1000,5,60,0,3,15,3,1,20,13,12,4538,84.57930397,4645,369,486,666,902,1028,1325,1770,3325,114471
5,1000,5,60,0,1,15,3,1,20,13,12,3038,89.23883585,3147,322,486,671,870,1141,1389,1984,3918,115059
6,1000,5,60,0,0.5,15,3,1,20,14,13,2674,89.58425681,2740,282,395,496,652,905,1143,1586,3138,117650
1,1000,5,60,0,5,15,3,1,20,14,13,5785,78.7020805,5919,429,518,618,825,908,1036,1647,3168,113919
7,1000,5,60,0,0,15,3,1,20,14,13,2439,88.12232788,2489,206,356,475,663,863,1065,1634,2608,118628
3,1000,5,60,0,2,15,3,1,20,14,13,4275,84.91449203,4402,490,583,755,987,1081,1422,1994,3060,114213
4,1000,5,60,0,1.5,15,3,1,20,14,13,3785,87.65217702,3919,417,522,669,947,1054,1324,1916,3106,115113
2,1000,5,60,0,3,15,3,1,20,14,13,4769,83.53828555,4885,409,527,687,887,1043,1289,1763,3405,114092
5,1000,5,60,0,1,15,3,1,20,14,13,3230,88.31529277,3342,369,547,684,910,1068,1382,1896,3631,115158
6,1000,5,60,0,0.5,15,3,1,20,15,14,2778,88.97631122,2854,331,411,505,658,894,1162,1639,3073,117460
1,1000,5,60,0,5,15,3,1,20,15,14,5981,76.90984919,6129,467,520,599,807,897,1062,1707,3258,113541
7,1000,5,60,0,0,15,3,1,20,15,14,2510,87.42459629,2562,257,367,493,691,826,1041,1478,2365,118907
3,1000,5,60,0,2,15,3,1,20,15,14,4503,83.94655011,4663,475,605,838,919,1094,1373,1935,3097,113988
4,1000,5,60,0,1.5,15,3,1,20,15,14,3974,86.53983718,4097,419,546,738,891,1009,1263,1716,3079,115229
2,1000,5,60,0,3,15,3,1,20,15,14,4978,82.21586814,5113,473,530,716,883,1053,1232,1844,3563,113580
5,1000,5,60,0,1,15,3,1,20,15,14,3448,87.26938476,3566,448,588,716,899,1082,1360,1909,3491,114928
6,1000,5,60,0,0.5,15,3,1,20,16,15,2929,88.37604004,3020,330,432,526,673,898,1134,1659,2936,117379
1,1000,5,60,0,5,15,3,1,20,16,15,6221,75.33625274,6368,452,549,653,725,832,1079,1758,3291,113280
7,1000,5,60,0,0,15,3,1,20,16,15,2600,87.07069127,2672,267,407,498,692,760,962,1349,2305,119075
3,1000,5,60,0,2,15,3,1,20,16,15,4763,82.9110416,4920,548,657,773,953,1093,1386,1689,3104,113864
4,1000,5,60,0,1.5,15,3,1,20,16,15,4151,85.62345949,4312,430,563,720,854,940,1226,1635,2936,115371
2,1000,5,60,0,3,15,3,1,20,16,15,5170,81.18873944,5332,470,570,730,866,1046,1171,1864,3574,113364
5,1000,5,60,0,1,15,3,1,20,16,15,3626,86.50503597,3758,505,600,738,882,1065,1356,1886,3350,114847
6,1000,5,60,0,0.5,15,3,1,20,17,16,3108,87.82136128,3219,386,412,564,685,905,1146,1709,3315,116646
1,1000,5,60,0,5,15,3,1,20,17,16,6449,73.87670749,6598,491,560,644,686,840,1177,1688,3249,113054
7,1000,5,60,0,0,15,3,1,20,17,16,2697,86.39519548,2794,330,408,538,618,782,962,1272,2380,118903
3,1000,5,60,0,2,15,3,1,20,17,16,5014,82.00606453,5185,589,659,810,929,1151,1348,1633,3265,113418
4,1000,5,60,0,1.5,15,3,1,20,17,16,4352,84.9320537,4498,468,628,670,813,945,1215,1559,2974,115217
2,1000,5,60,0,3,15,3,1,20,17,16,5413,79.93034621,5583,465,572,750,862,945,1221,1803,3377,113409
5,1000,5,60,0,1,15,3,1,20,17,16,3769,85.59037918,3906,538,590,712,846,1045,1316,1743,2980,115311
6,1000,5,60,0,0.5,15,3,1,20,18,17,3261,87.18172719,3399,368,447,579,710,932,1110,1597,3487,116358
1,1000,5,60,0,5,15,3,1,20,18,17,6613,72.31351832,6770,515,554,619,683,855,1159,1581,3113,113138
7,1000,5,60,0,0,15,3,1,20,18,17,2838,85.67346939,2940,342,421,547,635,776,918,1185,2426,118797
3,1000,5,60,0,2,15,3,1,20,18,17,5214,81.11627648,5400,595,662,821,937,1093,1284,1659,3309,113227
4,1000,5,60,0,1.5,15,3,1,20,18,17,4585,83.98737697,4734,507,602,723,785,937,1191,1506,2953,115049
2,1000,5,60,0,3,15,3,1,20,18,17,5662,78.81187788,5806,476,612,755,875,942,1202,1769,3282,113268
5,1000,5,60,0,1,15,3,1,20,18,17,3917,84.9593505,4108,557,534,682,804,1018,1250,1552,2502,115980
6,1000,5,60,0,0.5,15,3,1,20,19,18,3429,86.45511537,3552,377,446,601,749,939,1066,1569,3325,116363
7,1000,5,60,0,0,15,3,1,20,19,18,2999,85.14729744,3121,356,431,531,650,707,871,1254,2484,118582
1,1000,5,60,0,5,15,3,1,20,19,18,6804,70.95580023,6982,516,532,579,705,832,1093,1523,2622,113603
3,1000,5,60,0,2,15,3,1,20,19,18,5468,80.3605521,5682,550,677,770,893,1041,1190,1545,2978,113661
4,1000,5,60,0,1.5,15,3,1,20,19,18,4791,83.20951428,4962,552,621,691,844,957,1125,1532,3134,114569
2,1000,5,60,0,3,15,3,1,20,19,18,5863,77.81003056,6031,489,630,759,865,916,1137,1770,3116,113274
5,1000,5,60,0,1,15,3,1,20,19,18,4193,84.22089348,4388,506,560,643,791,1000,1207,1479,2510,115903
6,1000,5,60,0,0.5,15,3,1,20,20,19,3572,85.88839397,3692,387,458,589,768,872,1060,1560,3182,116419
7,1000,5,60,0,0,15,3,1,20,20,19,3176,84.71032481,3293,384,413,560,659,694,860,1360,2719,118045
1,1000,5,60,0,5,15,3,1,20,20,19,6964,69.68224814,7133,537,489,585,681,779,1057,1482,2456,113788
3,1000,5,60,0,2,15,3,1,20,20,19,5673,79.34162454,5854,562,679,789,856,1014,1114,1504,2618,113997
4,1000,5,60,0,1.5,15,3,1,20,20,19,4998,82.50623092,5164,586,653,652,844,935,1123,1523,3194,114313
2,1000,5,60,0,3,15,3,1,20,20,19,6025,76.73790101,6204,500,635,771,799,873,1141,1641,2785,113638
5,1000,5,60,0,1,15,3,1,20,20,19,4395,83.68900455,4560,522,556,658,801,984,1184,1483,2867,115372
6,1000,5,60,0,0.5,15,3,1,20,21,20,3682,85.36687321,3803,442,454,574,759,817,1046,1586,3033,116473
7,1000,5,60,0,0,15,3,1,20,21,20,3307,84.13083889,3424,395,437,577,666,675,888,1413,2951,117561
1,1000,5,60,0,5,15,3,1,20,21,20,7122,68.37659676,7310,503,514,568,684,747,991,1378,2341,113951
3,1000,5,60,0,2,15,3,1,20,21,20,5834,78.48732126,5999,590,645,768,837,971,1057,1461,2349,114310
4,1000,5,60,0,1.5,15,3,1,20,21,20,5175,81.78951382,5347,591,602,664,829,871,1068,1517,3003,114495
2,1000,5,60,0,3,15,3,1,20,21,20,6190,75.65128694,6370,522,634,738,705,878,1062,1530,2514,114034
5,1000,5,60,0,1,15,3,1,20,21,20,4591,82.97469018,4757,506,541,654,796,970,1084,1486,3165,115028
6,1000,5,60,0,0.5,15,3,1,20,22,21,3807,84.71254379,3969,402,479,612,684,798,1022,1524,2813,116684
1,1000,5,60,0,5,15,3,1,20,22,21,7321,67.3482415,7493,484,508,587,660,741,981,1319,2497,113717
7,1000,5,60,0,0,15,3,1,20,22,21,3445,83.73447382,3566,392,487,551,606,697,885,1394,3072,117337
3,1000,5,60,0,2,15,3,1,20,22,21,6016,77.82324037,6210,599,658,740,834,927,1029,1400,2418,114172
4,1000,5,60,0,1.5,15,3,1,20,22,21,5364,81.27822012,5557,581,578,668,805,842,1023,1491,2740,114702
2,1000,5,60,0,3,15,3,1,20,22,21,6381,74.73565676,6556,558,617,671,743,862,1050,1449,2614,113867
5,1000,5,60,0,1,15,3,1,20,22,21,4729,82.35524819,4903,513,545,649,772,910,1038,1446,3424,114787
6,1000,5,60,0,0.5,15,3,1,20,23,22,3960,84.30720689,4095,436,483,616,640,798,978,1496,2562,116883
1,1000,5,60,0,5,15,3,1,20,23,22,7479,66.41008791,7659,476,514,567,614,750,929,1256,2512,113710
7,1000,5,60,0,0,15,3,1,20,23,22,3586,83.20867787,3718,386,518,523,569,692,882,1394,2962,117343
3,1000,5,60,0,2,15,3,1,20,23,22,6208,77.02532858,6413,606,652,694,860,897,1014,1291,2756,113804
4,1000,5,60,0,1.5,15,3,1,20,23,22,5550,80.43663504,5747,589,570,674,766,817,1031,1528,2796,114469
2,1000,5,60,0,3,15,3,1,20,23,22,6563,73.63330142,6739,562,630,668,741,810,1029,1456,2845,113507
5,1000,5,60,0,1,15,3,1,20,23,22,4826,81.76299069,5004,523,535,631,751,834,975,1366,3003,115365
6,1000,5,60,0,0.5,15,3,1,20,24,23,4095,83.80101764,4243,456,491,573,677,784,939,1461,2828,116535
1,1000,5,60,0,5,15,3,1,20,24,23,7639,65.37369145,7806,482,514,578,601,748,889,1245,2551,113573
7,1000,5,60,0,0,15,3,1,20,24,23,3706,82.7089711,3832,386,500,507,548,702,947,1309,2874,117382
3,1000,5,60,0,2,15,3,1,20,24,23,6336,76.21716645,6556,605,643,735,798,909,985,1302,2888,113566
4,1000,5,60,0,1.5,15,3,1,20,24,23,5772,79.76172999,5971,548,571,644,735,784,1039,1540,2747,114408
2,1000,5,60,0,3,15,3,1,20,24,23,6722,72.79601285,6924,555,650,678,716,763,988,1361,2776,113576
5,1000,5,60,0,1,15,3,1,20,24,23,4962,81.1540226,5152,511,506,629,714,823,955,1299,2607,115791
6,1000,5,60,0,0.5,15,3,1,20,25,24,4259,83.36963485,4387,460,516,555,673,745,979,1468,2858,116346
1,1000,5,60,0,5,15,3,1,20,25,24,7801,64.50100096,7976,472,519,546,634,710,878,1314,2731,113207
7,1000,5,60,0,0,15,3,1,20,25,24,3797,82.35422005,3925,427,484,507,512,688,973,1339,2660,117472
3,1000,5,60,0,2,15,3,1,20,25,24,6523,75.42352659,6742,606,608,687,793,824,990,1368,2900,113469
4,1000,5,60,0,1.5,15,3,1,20,25,24,5965,79.06998719,6162,513,583,646,662,829,1048,1500,2865,114179
2,1000,5,60,0,3,15,3,1,20,25,24,6906,71.88372838,7085,566,651,689,672,721,973,1316,2596,113718
5,1000,5,60,0,1,15,3,1,20,25,24,5164,80.61098655,5330,482,511,649,677,802,936,1297,2492,115811
6,1000,5,60,0,0.5,15,3,1,20,26,25,4366,82.67853705,4513,442,507,558,653,749,976,1506,2999,116084
1,1000,5,60,0,5,15,3,1,20,26,25,7929,63.65663138,8088,478,519,532,614,725,866,1284,2754,113127
3,1000,5,60,0,2,15,3,1,20,26,25,6740,74.62652551,6963,569,607,703,740,836,1008,1410,3121,113030
4,1000,5,60,0,1.5,15,3,1,20,26,25,6163,78.48223292,6337,509,540,670,649,785,1040,1421,2774,114262
2,1000,5,60,0,3,15,3,1,20,26,25,7023,70.94702599,7206,610,613,663,666,698,935,1264,2522,113810
7,1000,5,60,0,0,15,3,1,20,26,25,3908,81.9333975,4042,451,447,449,561,647,893,1363,2597,117537
1,1000,5,60,0,5,15,3,1,20,27,26,8028,62.79491362,8168,501,453,568,600,689,825,1213,2446,113524
3,1000,5,60,0,2,15,3,1,20,27,26,6875,73.90279528,7071,566,618,697,745,802,993,1392,2989,113114
4,1000,5,60,0,1.5,15,3,1,20,27,26,6277,77.82368206,6464,541,556,595,655,769,1009,1398,2541,114459
5,1000,5,60,0,1,15,3,1,20,26,25,5303,80.18991338,5494,455,536,609,686,812,913,1286,2644,115552
6,1000,5,60,0,0.5,15,3,1,20,27,26,4467,82.18195299,4612,452,487,533,638,758,1015,1361,2978,116153
2,1000,5,60,0,3,15,3,1,20,27,26,7190,70.16845852,7390,576,622,629,624,726,908,1297,2446,113769
7,1000,5,60,0,0,15,3,1,20,27,26,4013,81.59568473,4142,444,436,443,543,678,866,1308,2754,117373
1,1000,5,60,0,5,15,3,1,20,28,27,8119,61.99928502,8307,481,460,521,603,662,878,1173,2352,113550
3,1000,5,60,0,2,15,3,1,20,28,27,6955,73.07360669,7141,587,597,655,728,810,917,1391,2634,113527
4,1000,5,60,0,1.5,15,3,1,20,28,27,6358,77.30314947,6555,565,549,567,656,749,955,1307,2315,114769
5,1000,5,60,0,1,15,3,1,20,27,26,5469,79.75246534,5633,472,517,606,671,764,906,1263,3035,115120
6,1000,5,60,0,0.5,15,3,1,20,28,27,4534,81.762664,4696,456,471,541,598,734,1025,1261,2658,116547
2,1000,5,60,0,3,15,3,1,20,28,27,7320,69.32720838,7526,585,593,636,605,702,883,1266,2563,113628
7,1000,5,60,0,0,15,3,1,20,28,27,4087,81.18946842,4229,423,431,445,542,635,825,1306,2667,117484
1,1000,5,60,0,5,15,3,1,20,29,28,8272,61.2628745,8461,466,487,511,594,675,864,1208,2359,113362
3,1000,5,60,0,2,15,3,1,20,29,28,7040,72.25583322,7246,597,585,616,705,755,922,1390,2595,113576
5,1000,5,60,0,1,15,3,1,20,28,27,5637,79.31076395,5802,479,517,621,671,723,884,1270,3549,114471
6,1000,5,60,0,0.5,15,3,1,20,29,28,4617,81.49309678,4775,463,461,519,588,741,942,1282,2345,116871
4,1000,5,60,0,1.5,15,3,1,20,29,28,6515,76.77312578,6704,524,544,571,629,739,957,1253,2192,114874
2,1000,5,60,0,3,15,3,1,20,29,28,7398,68.57517603,7591,590,601,615,577,701,841,1148,2489,113834
7,1000,5,60,0,0,15,3,1,20,29,28,4203,80.92306365,4354,419,419,439,512,675,814,1364,2593,117398
1,1000,5,60,0,5,15,3,1,20,30,29,8396,60.64922759,8559,471,482,516,602,680,813,1218,2421,113225
6,1000,5,60,0,0.5,15,3,1,20,30,29,4789,81.19932602,4938,439,471,518,575,776,918,1288,2407,116657
3,1000,5,60,0,2,15,3,1,20,30,29,7237,71.59757766,7475,547,567,620,682,763,911,1392,2741,113289
5,1000,5,60,0,1,15,3,1,20,29,28,5772,78.9744581,5941,494,542,604,669,735,882,1382,3848,113890
4,1000,5,60,0,1.5,15,3,1,20,30,29,6605,76.15294785,6790,517,507,582,622,719,949,1176,2277,114848
2,1000,5,60,0,3,15,3,1,20,30,29,7498,68.00987621,7717,595,552,567,577,683,814,1135,2447,113900
7,1000,5,60,0,0,15,3,1,20,30,29,4349,80.70835141,4499,403,410,454,531,652,817,1298,2750,117173
6,1000,5,60,0,0.5,15,3,1,20,31,30,4929,80.88614789,5093,456,464,526,595,749,941,1322,2764,116077
1,1000,5,60,0,5,15,3,1,20,31,30,8454,59.98999031,8636,487,458,507,591,658,818,1232,2499,113101
5,1000,5,60,0,1,15,3,1,20,30,29,5872,78.59817824,6033,521,534,596,670,715,899,1446,3573,114000
3,1000,5,60,0,2,15,3,1,20,31,30,7393,70.98779464,7604,561,547,628,663,755,938,1317,2874,113100
4,1000,5,60,0,1.5,15,3,1,20,31,30,6584,75.48802067,6810,549,485,556,612,705,871,1143,2346,114910
2,1000,5,60,0,3,15,3,1,20,31,30,7615,67.23551824,7820,580,576,526,588,646,821,1085,2448,113897
7,1000,5,60,0,0,15,3,1,20,31,30,4468,80.4432031,4596,412,413,446,537,635,873,1249,2818,117008
6,1000,5,60,0,0.5,15,3,1,20,32,31,5094,80.644906,5246,443,461,537,632,734,909,1318,3079,115628
1,1000,5,60,0,5,15,3,1,20,32,31,8505,59.29409741,8692,485,434,505,579,624,801,1213,2439,113215
5,1000,5,60,0,1,15,3,1,20,31,30,5947,78.14643203,6136,549,505,568,669,722,858,1417,2917,114646
3,1000,5,60,0,2,15,3,1,20,32,31,7420,70.32422034,7620,618,514,635,638,715,884,1226,2587,113550
4,1000,5,60,0,1.5,15,3,1,20,32,31,6695,74.76752479,6890,548,470,546,621,701,819,1093,2426,114873
2,1000,5,60,0,3,15,3,1,20,32,31,7722,66.71644406,7977,576,556,491,567,634,798,1100,2417,113871
7,1000,5,60,0,0,15,3,1,20,32,31,4556,80.19669054,4694,413,401,457,521,624,821,1285,2554,117217
6,1000,5,60,0,0.5,15,3,1,20,33,32,5225,80.32913735,5383,431,483,494,654,735,895,1367,3037,115508
5,1000,5,60,0,1,15,3,1,20,32,31,6024,77.78585505,6201,584,502,565,635,729,873,1367,2681,114850
1,1000,5,60,0,5,15,3,1,20,33,32,8620,58.76298229,8785,449,448,486,555,600,787,1184,2298,113395
3,1000,5,60,0,2,15,3,1,20,33,32,7424,69.72670468,7649,617,532,544,648,701,814,1133,2357,113992
4,1000,5,60,0,1.5,15,3,1,20,33,32,6690,74.23340815,6889,574,493,535,602,686,756,1045,2347,115060
2,1000,5,60,0,3,15,3,1,20,33,32,7901,66.0727372,8096,558,530,493,558,618,780,1170,2416,113768
7,1000,5,60,0,0,15,3,1,20,33,32,4623,79.92413856,4751,418,397,436,548,600,784,1277,2410,117366
6,1000,5,60,0,0.5,15,3,1,20,34,33,5350,80.10050932,5511,458,473,529,623,713,970,1449,2862,115399
5,1000,5,60,0,1,15,3,1,20,33,32,6063,77.5046712,6319,524,524,553,605,741,922,1372,2555,114872
1,1000,5,60,0,5,15,3,1,20,34,33,8735,58.17263815,8897,439,427,511,541,617,825,1161,2249,113320
3,1000,5,60,0,2,15,3,1,20,34,33,7449,69.26075308,7694,615,541,527,616,695,757,1128,2011,114403
4,1000,5,60,0,1.5,15,3,1,20,34,33,6827,73.86569317,7040,525,501,501,614,654,740,1106,2436,114870
2,1000,5,60,0,3,15,3,1,20,34,33,7938,65.46018194,8157,576,489,513,552,590,763,1145,2407,113795
7,1000,5,60,0,0,15,3,1,20,34,33,4623,79.64936556,4776,426,404,445,519,601,748,1228,2009,117831
6,1000,5,60,0,0.5,15,3,1,20,35,34,5454,79.86043585,5616,461,480,543,612,719,984,1517,2947,115108
5,1000,5,60,0,1,15,3,1,20,34,33,6201,77.19713251,6435,495,513,563,630,707,955,1379,2697,114613
1,1000,5,60,0,5,15,3,1,20,35,34,8806,57.58176514,8962,457,431,494,523,580,822,1177,2209,113332
3,1000,5,60,0,2,15,3,1,20,35,34,7580,68.68194818,7863,532,552,522,600,660,755,1097,2065,114341
4,1000,5,60,0,1.5,15,3,1,20,35,34,6896,73.42504147,7096,550,496,491,611,653,735,1098,2476,114781
2,1000,5,60,0,3,15,3,1,20,35,34,8054,64.82803295,8276,533,496,495,546,603,769,1114,2345,113810
7,1000,5,60,0,0,15,3,1,20,35,34,4755,79.43593777,4927,358,397,418,499,620,752,1125,1944,117947
6,1000,5,60,0,0.5,15,3,1,20,36,35,5598,79.65730571,5758,447,438,572,610,753,996,1521,2901,114991
1,1000,5,60,0,5,15,3,1,20,36,35,8839,56.95520645,9011,487,439,455,516,553,763,1111,2268,113384
3,1000,5,60,0,2,15,3,1,20,36,35,7663,68.13107188,7891,549,547,531,574,668,680,1060,2130,114357
5,1000,5,60,0,1,15,3,1,20,35,34,6309,76.86881542,6512,478,526,555,617,699,961,1330,2896,114413
4,1000,5,60,0,1.5,15,3,1,20,36,35,7012,72.96073961,7215,532,474,500,551,654,735,1282,2743,114301
2,1000,5,60,0,3,15,3,1,20,36,35,8158,64.28055054,8397,544,454,512,497,642,724,1116,2346,113755
7,1000,5,60,0,0,15,3,1,20,36,35,4842,79.24537745,4975,383,376,419,504,632,738,988,1943,118029
6,1000,5,60,0,0.5,15,3,1,20,37,36,5671,79.34176496,5851,452,474,529,621,750,976,1520,2897,114917
3,1000,5,60,0,2,15,3,1,20,37,36,7794,67.61822314,7973,581,519,523,549,620,719,1005,2525,113973
1,1000,5,60,0,5,15,3,1,20,37,36,8909,56.44830105,9095,456,468,444,504,589,728,1077,2233,113393
4,1000,5,60,0,1.5,15,3,1,20,37,36,7107,72.47954767,7319,524,472,487,536,636,780,1328,2803,114102
5,1000,5,60,0,1,15,3,1,20,36,35,6363,76.64982622,6560,504,508,564,586,707,934,1291,2765,114568
2,1000,5,60,0,3,15,3,1,20,37,36,8309,63.81146521,8521,504,488,489,498,649,707,1113,2470,113548
7,1000,5,60,0,0,15,3,1,20,37,36,4865,79.05443134,5008,400,381,442,507,570,707,876,2041,118055
6,1000,5,60,0,0.5,15,3,1,20,38,37,5695,79.123515,5879,488,493,524,571,727,999,1411,2765,115130
3,1000,5,60,0,2,15,3,1,20,38,37,7903,67.01864974,8085,572,502,517,556,589,752,1008,2802,113604
1,1000,5,60,0,5,15,3,1,20,38,37,8978,56.07167505,9163,486,437,432,518,600,711,1071,2181,113388
4,1000,5,60,0,1.5,15,3,1,20,38,37,7150,72.03524484,7347,543,432,500,525,611,754,1252,2453,114570
5,1000,5,60,0,1,15,3,1,20,37,36,6384,76.38156044,6553,553,486,557,584,685,950,1250,2617,114752
2,1000,5,60,0,3,15,3,1,20,38,37,8317,63.34536259,8512,564,501,485,486,620,755,1048,2350,113666
7,1000,5,60,0,0,15,3,1,20,38,37,4894,78.85375234,5047,427,374,443,487,568,709,852,2156,117924
6,1000,5,60,0,0.5,15,3,1,20,39,38,5636,78.81684718,5832,555,471,508,588,729,930,1330,2622,115422
3,1000,5,60,0,2,15,3,1,20,39,38,7862,66.46581284,8089,631,451,527,523,583,757,1009,2545,113872
1,1000,5,60,0,5,15,3,1,20,39,38,9070,55.63674863,9259,487,419,422,527,584,722,1057,2295,113215
4,1000,5,60,0,1.5,15,3,1,20,39,38,7185,71.67060213,7407,518,455,486,551,602,744,1095,2180,114949
5,1000,5,60,0,1,15,3,1,20,38,37,6398,76.12622817,6631,518,489,541,584,671,922,1211,2502,114918
2,1000,5,60,0,3,15,3,1,20,39,38,8384,62.87621272,8590,550,486,465,495,593,780,1037,2381,113610
7,1000,5,60,0,0,15,3,1,20,39,38,4955,78.74726657,5119,410,405,415,499,544,651,898,2341,117705
6,1000,5,60,0,0.5,15,3,1,20,40,39,5573,78.56950527,5807,579,508,465,572,705,903,1222,2335,115891
3,1000,5,60,0,2,15,3,1,20,40,39,7844,65.99016541,8088,649,485,474,506,605,665,1041,2263,114211
1,1000,5,60,0,5,15,3,1,20,40,39,9058,55.1778484,9269,511,400,447,505,549,719,1062,2209,113316
4,1000,5,60,0,1.5,15,3,1,20,40,39,7350,71.11451165,7563,466,433,510,529,612,758,1112,2231,114773
5,1000,5,60,0,1,15,3,1,20,39,38,6546,75.9620656,6754,481,516,533,540,648,877,1249,2372,115017
2,1000,5,60,0,3,15,3,1,20,40,39,8363,62.47371187,8610,587,474,442,491,600,755,1010,2403,113615
7,1000,5,60,0,0,15,3,1,20,40,39,5122,78.49645905,5257,396,405,411,496,544,663,966,2626,117223
6,1000,5,60,0,0.5,15,3,1,20,41,40,5701,78.42531738,5925,509,493,511,576,692,799,1237,2326,115919
3,1000,5,60,0,2,15,3,1,20,41,40,7922,65.58220215,8196,565,488,455,519,574,663,993,2114,114420
1,1000,5,60,0,5,15,3,1,20,41,40,9012,54.68618164,9227,553,417,433,455,574,599,1026,2007,113696
4,1000,5,60,0,1.5,15,3,1,20,41,40,7412,70.64968262,7605,493,438,511,520,621,768,1076,2387,114568
5,1000,5,60,0,1,15,3,1,20,40,39,6663,75.67190511,6847,486,528,532,531,671,872,1276,2505,114739
2,1000,5,60,0,3,15,3,1,20,41,40,8509,62.02692871,8759,542,459,419,522,579,727,1000,2592,113388
7,1000,5,60,0,0,15,3,1,20,41,40,5170,78.30681152,5306,431,386,433,474,547,652,1012,2632,117114
6,1000,5,60,0,0.5,15,3,1,20,42,41,5773,78.21978598,5961,560,483,488,538,699,795,1171,2343,115949
3,1000,5,60,0,2,15,3,1,20,42,41,8047,65.11415906,8331,519,473,459,509,560,650,999,2172,114315
1,1000,5,60,0,5,15,3,1,20,42,41,8997,54.21337496,9244,522,431,443,443,564,580,985,2044,113731
4,1000,5,60,0,1.5,15,3,1,20,42,41,7486,70.22233609,7683,498,451,476,548,650,766,1132,2727,114056
5,1000,5,60,0,1,15,3,1,20,41,40,6773,75.33498535,6932,498,545,496,516,646,825,1317,2547,114665
2,1000,5,60,0,3,15,3,1,20,42,41,8672,61.5662194,8873,511,442,434,528,574,704,1034,2566,113321
7,1000,5,60,0,0,15,3,1,20,42,41,5224,78.16528039,5388,415,404,413,453,532,659,1034,2585,117104
6,1000,5,60,0,0.5,15,3,1,20,43,42,5811,78.00200196,6020,553,486,478,560,707,770,1101,2386,115926
3,1000,5,60,0,2,15,3,1,20,43,42,8131,64.75883421,8343,583,466,451,480,544,681,968,2187,114284
1,1000,5,60,0,5,15,3,1,20,43,42,9049,53.77291773,9306,499,429,416,485,531,611,935,2167,113608
4,1000,5,60,0,1.5,15,3,1,20,43,42,7575,69.73001536,7770,491,464,474,543,637,797,1200,2885,113726
5,1000,5,60,0,1,15,3,1,20,42,41,6747,75.0699969,6918,557,522,460,510,630,764,1249,2473,114904
2,1000,5,60,0,3,15,3,1,20,43,42,8758,61.1446762,8973,517,423,462,499,587,692,1156,2436,113242
7,1000,5,60,0,0,15,3,1,20,43,42,5292,77.95861074,5465,397,397,411,432,526,667,1105,2712,116875
6,1000,5,60,0,0.5,15,3,1,20,44,43,5827,77.7654526,6050,559,488,470,546,661,807,1052,2495,115859
3,1000,5,60,0,2,15,3,1,20,44,43,8151,64.35248083,8375,606,431,480,490,519,674,941,2108,114363
1,1000,5,60,0,5,15,3,1,20,44,43,9214,53.39823009,9424,441,448,415,490,546,670,979,2333,113241
5,1000,5,60,0,1,15,3,1,20,43,42,6757,74.8570697,6974,597,481,461,523,625,853,1156,2360,114957
4,1000,5,60,0,1.5,15,3,1,20,44,43,7585,69.27497327,7802,530,448,444,550,641,764,1202,2797,113809
2,1000,5,60,0,3,15,3,1,20,44,43,8873,60.75628455,9056,497,421,457,509,564,728,1183,2470,113102
7,1000,5,60,0,0,15,3,1,20,44,43,5309,77.79075005,5468,420,405,400,433,504,692,1076,2452,117137
6,1000,5,60,0,0.5,15,3,1,20,45,44,5881,77.61818222,6112,563,472,471,562,596,801,1136,2563,115711
3,1000,5,60,0,2,15,3,1,20,45,44,8122,63.91785301,8384,612,448,473,483,523,664,928,1973,114499
5,1000,5,60,0,1,15,3,1,20,44,43,6877,74.60936825,7127,533,474,462,539,615,864,1180,2393,114800
4,1000,5,60,0,1.5,15,3,1,20,45,44,7508,68.93771688,7779,588,448,466,529,594,741,1174,2565,114103
1,1000,5,60,0,5,15,3,1,20,45,44,9292,52.99804253,9487,449,468,402,473,530,697,1088,2349,113044
2,1000,5,60,0,3,15,3,1,20,45,44,8823,60.3411558,9000,576,420,458,511,549,710,1134,2366,113263
7,1000,5,60,0,0,15,3,1,20,45,44,5325,77.68867337,5506,453,384,386,463,473,724,1013,2274,117311
6,1000,5,60,0,0.5,15,3,1,20,46,45,6038,77.39379828,6299,491,436,465,589,575,819,1203,2706,115404
3,1000,5,60,0,2,15,3,1,20,46,45,8253,63.54305299,8514,537,482,456,470,527,638,1010,2086,114267
5,1000,5,60,0,1,15,3,1,20,45,44,6924,74.25707358,7166,578,409,473,544,636,819,1230,2346,114786
4,1000,5,60,0,1.5,15,3,1,20,46,45,7663,68.66388859,7915,542,436,477,501,598,723,1138,2472,114185
1,1000,5,60,0,5,15,3,1,20,46,45,9346,52.62641715,9536,477,422,420,447,533,680,1128,2404,112940
2,1000,5,60,0,3,15,3,1,20,46,45,8709,59.85505386,8940,580,452,439,509,538,642,1030,2157,113700
7,1000,5,60,0,0,15,3,1,20,46,45,5402,77.566576,5555,459,372,390,453,517,684,984,2353,117220
6,1000,5,60,0,0.5,15,3,1,20,47,46,6158,77.20860843,6369,481,450,483,545,606,796,1219,2574,115464
3,1000,5,60,0,2,15,3,1,20,47,46,8349,63.18322188,8573,557,476,440,463,539,642,987,2241,114069
5,1000,5,60,0,1,15,3,1,20,46,45,6938,73.99930367,7164,592,406,458,547,616,804,1180,2321,114899
4,1000,5,60,0,1.5,15,3,1,20,47,46,7791,68.35809516,8018,529,435,464,505,546,741,1079,2298,114372
1,1000,5,60,0,5,15,3,1,20,47,46,9280,52.32959918,9474,582,378,419,440,519,669,1074,2420,113012
2,1000,5,60,0,3,15,3,1,20,47,46,8744,59.54581079,9012,513,461,428,520,522,661,995,2009,113866
7,1000,5,60,0,0,15,3,1,20,47,46,5488,77.49961665,5670,400,391,382,410,555,699,1053,2344,117083
6,1000,5,60,0,0.5,15,3,1,20,48,47,6165,76.95508102,6347,514,455,499,507,609,771,1212,2482,115591
3,1000,5,60,0,2,15,3,1,20,48,47,8317,62.72817133,8533,642,446,412,483,528,632,997,2037,114277
5,1000,5,60,0,1,15,3,1,20,47,46,6963,73.70094135,7214,566,406,470,528,581,777,1110,2192,115143
4,1000,5,60,0,1.5,15,3,1,20,48,47,7870,68.0930703,8078,508,468,438,509,533,720,1079,2315,114339
1,1000,5,60,0,5,15,3,1,20,48,47,9243,52.01570288,9472,578,383,440,427,485,672,1050,2166,113314
2,1000,5,60,0,3,15,3,1,20,48,47,8836,59.16418159,9084,489,444,455,483,539,662,1014,2012,113805
7,1000,5,60,0,0,15,3,1,20,48,47,5594,77.31685192,5746,386,396,365,420,558,720,1102,2323,116971
6,1000,5,60,0,0.5,15,3,1,20,49,48,6118,76.80560549,6363,533,440,518,466,556,705,1214,2262,115930
3,1000,5,60,0,2,15,3,1,20,49,48,8254,62.37185406,8474,688,436,408,466,471,648,909,1992,114495
5,1000,5,60,0,1,15,3,1,20,48,47,7072,73.50943632,7280,518,440,472,526,591,736,1063,2194,115167
4,1000,5,60,0,1.5,15,3,1,20,49,48,7877,67.83001716,8087,530,499,426,465,553,742,1027,2287,114371
1,1000,5,60,0,5,15,3,1,20,49,48,9326,51.66416081,9576,491,411,399,429,475,655,999,1974,113578
2,1000,5,60,0,3,15,3,1,20,49,48,8747,58.71964373,8978,634,443,465,468,538,673,994,2158,113636
7,1000,5,60,0,0,15,3,1,20,49,48,5509,77.13404968,5672,477,377,373,415,534,686,1013,2125,117315
6,1000,5,60,0,0.5,15,3,1,20,50,49,6227,76.63848572,6463,476,470,471,501,554,720,1182,2335,115815
3,1000,5,60,0,2,15,3,1,20,50,49,8164,62.0895878,8430,702,443,416,455,467,586,889,1858,114741
5,1000,5,60,0,1,15,3,1,20,49,48,7137,73.2472422,7386,467,463,479,497,566,752,1080,2464,114833
4,1000,5,60,0,1.5,15,3,1,20,50,49,7893,67.54016937,8130,547,470,416,457,542,760,1062,2404,114199
1,1000,5,60,0,5,15,3,1,20,50,49,9396,51.38207443,9587,521,431,391,408,498,654,967,1928,113602
2,1000,5,60,0,3,15,3,1,20,50,49,8762,58.34708014,9040,611,436,459,469,504,686,994,2398,113390
7,1000,5,60,0,0,15,3,1,20,50,49,5514,77.03125063,5722,471,354,374,429,535,692,948,1994,117468
6,1000,5,60,0,0.5,15,3,1,20,51,50,6214,76.4310893,6430,533,464,454,469,548,727,1113,2394,115855
5,1000,5,60,0,1,15,3,1,20,50,49,7212,73,7431,519,405,483,510,555,759,1123,2733,114469
3,1000,5,60,0,2,15,3,1,20,51,50,8142,61.79515211,8459,621,482,406,432,460,572,861,1683,115011
4,1000,5,60,0,1.5,15,3,1,20,51,50,7935,67.19962709,8186,571,452,415,444,555,725,1039,2573,114027
1,1000,5,60,0,5,15,3,1,20,51,50,9375,51.0433366,9596,567,397,383,422,501,653,912,1929,113627
6,1000,5,60,0,0.5,15,3,1,20,52,51,6166,76.25971626,6420,549,461,441,453,514,724,992,2245,116188
7,1000,5,60,0,0,15,3,1,20,51,50,5533,76.98934249,5740,466,358,379,433,521,670,966,1989,117465
2,1000,5,60,0,3,15,3,1,20,51,50,8838,58.04904809,9107,579,456,405,460,510,646,975,2302,113547
5,1000,5,60,0,1,15,3,1,20,51,50,7243,72.77071639,7454,527,421,473,481,590,728,1087,2618,114608
3,1000,5,60,0,2,15,3,1,20,52,51,8235,61.56769139,8512,606,489,382,425,499,540,847,1829,114858
4,1000,5,60,0,1.5,15,3,1,20,52,51,7955,66.85662862,8200,601,430,434,445,550,705,1037,2630,113955
1,1000,5,60,0,5,15,3,1,20,52,51,9460,50.7755876,9717,494,373,379,433,507,616,863,2318,113287
6,1000,5,60,0,0.5,15,3,1,20,53,52,6115,76.13764448,6347,596,460,431,448,485,689,931,2098,116502
7,1000,5,60,0,0,15,3,1,20,52,51,5619,76.90142255,5770,462,391,357,475,498,636,1028,2129,117241
2,1000,5,60,0,3,15,3,1,20,52,51,8916,57.75581821,9152,574,437,419,458,495,609,954,2205,113684
5,1000,5,60,0,1,15,3,1,20,52,51,7262,72.60699917,7484,519,445,432,499,586,696,1116,2488,114722
3,1000,5,60,0,2,15,3,1,20,53,52,8313,61.37914558,8597,564,476,406,412,506,568,780,2032,114646
4,1000,5,60,0,1.5,15,3,1,20,53,52,8013,66.5532598,8260,560,446,427,440,567,672,1056,2553,114006
1,1000,5,60,0,5,15,3,1,20,53,52,9531,50.47879051,9754,485,384,373,434,521,598,898,2375,113165
6,1000,5,60,0,0.5,15,3,1,20,54,53,6053,75.96407585,6302,636,471,397,468,503,628,899,1857,116826
7,1000,5,60,0,0,15,3,1,20,53,52,5695,76.79221123,5857,430,388,362,480,486,641,1031,2308,117004
2,1000,5,60,0,3,15,3,1,20,53,52,8944,57.47021606,9190,593,396,445,462,483,620,1046,2144,113608
5,1000,5,60,0,1,15,3,1,20,53,52,7312,72.30677268,7543,493,470,408,497,563,701,1146,2468,114698
3,1000,5,60,0,2,15,3,1,20,54,53,8392,61.02969581,8667,571,432,412,392,497,560,806,2305,114345
4,1000,5,60,0,1.5,15,3,1,20,54,53,8051,66.1845515,8274,570,435,403,486,564,622,1074,2593,113966
6,1000,5,60,0,0.5,15,3,1,20,55,54,6074,75.85851563,6338,591,498,375,448,490,602,836,1719,117090
1,1000,5,60,0,5,15,3,1,20,54,53,9525,50.21778783,9738,528,363,363,424,488,580,935,2037,113531
7,1000,5,60,0,0,15,3,1,20,54,53,5793,76.64218585,5996,375,374,379,457,494,677,1025,2718,116492
2,1000,5,60,0,3,15,3,1,20,54,53,8995,57.17769292,9223,589,414,460,430,470,638,1054,2392,113317
5,1000,5,60,0,1,15,3,1,20,54,53,7329,72.1134076,7545,529,458,429,482,495,682,1076,2202,115089
3,1000,5,60,0,2,15,3,1,20,55,54,8453,60.6688567,8717,585,410,389,405,490,546,868,2485,114092
4,1000,5,60,0,1.5,15,3,1,20,55,54,8074,65.84732283,8288,573,425,408,479,548,646,1032,2474,114114
6,1000,5,60,0,0.5,15,3,1,20,56,55,6163,75.74255072,6400,581,494,385,439,476,557,817,1921,116917
7,1000,5,60,0,0,15,3,1,20,55,54,5887,76.56577367,6064,405,325,413,450,492,689,1109,3048,115992
1,1000,5,60,0,5,15,3,1,20,55,54,9502,49.95144324,9727,527,395,351,395,455,621,955,1930,113631
5,500,5,60,0,1,15,3,1,20,0,0,0,0,0,0,0,0,0,0,0,0,0,128987
6,500,5,60,0,0.5,15,3,1,20,0,0,0,0,0,0,0,0,0,0,0,0,0,128987
7,500,5,60,0,0,15,3,1,20,0,0,0,0,0,0,0,0,0,0,0,0,0,128987
4,500,5,60,0,1.5,15,3,1,20,0,0,0,0,0,0,0,0,0,0,0,0,0,128987
2,500,5,60,0,3,15,3,1,20,0,0,0,0,0,0,0,0,0,0,0,0,0,128987
3,500,5,60,0,2,15,3,1,20,0,0,0,0,0,0,0,0,0,0,0,0,0,128987
1,500,5,60,0,5,15,3,1,20,0,0,0,0,0,0,0,0,0,0,0,0,0,128987
5,500,5,60,0,1,15,3,1,20,1,0,613,99.8,629,49,56,75,87,111,139,213,406,127222
4,500,5,60,0,1.5,15,3,1,20,1,0,606,99.8,628,45,60,77,88,118,153,208,521,127089
2,500,5,60,0,3,15,3,1,20,1,0,630,99.8,648,50,53,93,102,133,191,309,851,126557
3,500,5,60,0,2,15,3,1,20,1,0,628,99.8,641,56,63,70,102,112,165,260,712,126806
6,500,5,60,0,0.5,15,3,1,20,1,0,623,99.8,642,54,53,74,102,109,139,188,387,127239
7,500,5,60,0,0,15,3,1,20,1,0,626,99.8,642,45,51,69,100,90,152,202,359,127277
1,500,5,60,0,5,15,3,1,20,1,0,651,99.8,674,51,75,109,101,169,292,451,1089,125976
5,500,5,60,0,1,15,3,1,20,2,1,924,99.8998999,945,65,71,73,104,123,153,236,728,126489
2,500,5,60,0,3,15,3,1,20,2,1,961,99.8998999,986,66,87,103,142,171,306,544,1312,125270
3,500,5,60,0,2,15,3,1,20,2,1,969,99.8998999,992,73,77,94,106,131,243,428,1464,125379
6,500,5,60,0,0.5,15,3,1,20,2,1,928,99.8998999,950,72,60,75,91,119,136,236,766,126482
4,500,5,60,0,1.5,15,3,1,20,2,1,956,99.8998999,973,63,75,96,86,118,167,315,1031,126063
7,500,5,60,0,0,15,3,1,20,2,1,923,99.8998999,946,56,75,79,81,104,138,199,829,126480
1,500,5,60,0,5,15,3,1,20,2,1,1046,99.8998999,1072,84,116,161,208,276,408,704,1438,124520
5,500,5,60,0,1,15,3,1,20,3,2,1136,99.93324433,1160,61,69,78,101,118,171,330,1162,125737
3,500,5,60,0,2,15,3,1,20,3,2,1210,99.93324433,1229,69,66,92,168,204,297,664,2158,124040
2,500,5,60,0,3,15,3,1,20,3,2,1213,99.93324433,1242,78,97,118,198,268,402,657,1669,124258
4,500,5,60,0,1.5,15,3,1,20,3,2,1184,99.93324433,1216,61,73,82,99,124,238,488,1641,124965
6,500,5,60,0,0.5,15,3,1,20,3,2,1137,99.93324433,1158,50,65,81,109,113,145,256,1386,125624
7,500,5,60,0,0,15,3,1,20,3,2,1113,99.93324433,1135,63,56,82,85,98,126,237,1396,125709
1,500,5,60,0,5,15,3,1,20,3,2,1392,99.93324433,1430,122,186,191,257,362,526,817,1760,123336
5,500,5,60,0,1,15,3,1,20,4,3,1275,99.94992489,1305,67,59,73,105,118,207,421,1548,125084
3,500,5,60,0,2,15,3,1,20,4,3,1368,99.94992489,1392,78,95,120,199,211,429,840,2674,122949
2,500,5,60,0,3,15,3,1,20,4,3,1404,99.94992489,1443,98,116,194,229,326,428,784,1916,123453
4,500,5,60,0,1.5,15,3,1,20,4,3,1342,99.94992489,1366,69,69,82,135,180,325,674,2149,123938
6,500,5,60,0,0.5,15,3,1,20,4,3,1268,99.94992489,1298,67,63,94,81,103,161,323,1955,124842
7,500,5,60,0,0,15,3,1,20,4,3,1257,99.94992489,1282,52,62,66,88,84,140,368,2010,124835
1,500,5,60,0,5,15,3,1,20,4,3,1714,99.94992489,1753,179,184,237,327,406,540,879,2131,122351
5,500,5,60,0,1,15,3,1,20,5,4,1415,99.9599359,1436,50,66,86,98,159,273,550,1902,124367
3,500,5,60,0,2,15,3,1,20,5,4,1505,99.9599359,1533,100,131,144,188,261,521,946,2803,122360
4,500,5,60,0,1.5,15,3,1,20,5,4,1465,99.9599359,1490,71,77,124,155,216,430,877,2860,122687
2,500,5,60,0,3,15,3,1,20,5,4,1600,99.9599359,1642,127,169,211,284,323,501,898,2146,122686
6,500,5,60,0,0.5,15,3,1,20,5,4,1386,99.9599359,1413,66,70,72,98,94,191,441,2278,124264
7,500,5,60,0,0,15,3,1,20,5,4,1357,99.9599359,1372,52,63,67,79,103,139,481,2133,124498
1,500,5,60,0,5,15,3,1,20,5,4,2009,99.9599359,2073,177,226,275,349,420,578,968,2323,121598
5,500,5,60,0,1,15,3,1,20,6,5,1505,99.96661102,1522,64,65,94,137,195,307,685,2261,123657
3,500,5,60,0,2,15,3,1,20,6,5,1662,99.96661102,1696,105,121,155,226,352,522,1043,2735,122032
6,500,5,60,0,0.5,15,3,1,20,6,5,1498,99.96661102,1518,57,61,74,84,134,232,642,2389,123796
2,500,5,60,0,3,15,3,1,20,6,5,1798,99.96661102,1840,136,207,244,284,374,549,903,2359,122091
4,500,5,60,0,1.5,15,3,1,20,6,5,1573,99.96661102,1602,75,98,140,181,255,500,979,3125,122032
7,500,5,60,0,0,15,3,1,20,6,5,1425,99.96661102,1452,51,69,60,80,105,183,581,1780,124626
1,500,5,60,0,5,15,3,1,20,6,5,2276,99.96661102,2349,223,258,268,341,431,607,1059,2413,121038
5,500,5,60,0,1,15,3,1,20,7,6,1577,99.97137951,1601,70,76,110,161,213,351,778,2443,123184
3,500,5,60,0,2,15,3,1,20,7,6,1781,99.55352032,1826,105,132,190,288,374,569,1110,2526,121867
6,500,5,60,0,0.5,15,3,1,20,7,6,1574,99.97137951,1596,50,54,78,115,151,273,742,2314,123614
2,500,5,60,0,3,15,3,1,20,7,6,1971,99.97137951,2036,174,209,242,294,416,529,893,2227,121967
4,500,5,60,0,1.5,15,3,1,20,7,6,1671,99.97137951,1695,101,106,150,205,368,518,1087,2981,121776
7,500,5,60,0,0,15,3,1,20,7,6,1505,99.97137951,1529,52,58,62,81,130,235,733,1690,124417
1,500,5,60,0,5,15,3,1,20,7,6,2557,99.97137951,2636,219,242,306,358,405,618,1099,2221,120883
5,500,5,60,0,1,15,3,1,20,8,7,1652,99.97495617,1685,68,79,141,173,210,399,840,2379,123013
3,500,5,60,0,2,15,3,1,20,8,7,1901,99.51890809,1946,113,157,212,321,381,577,1086,2312,121882
6,500,5,60,0,0.5,15,3,1,20,8,7,1633,99.88254445,1648,46,75,91,117,164,343,885,2149,123469
2,500,5,60,0,3,15,3,1,20,8,7,2157,99.97495617,2230,179,193,263,325,395,536,871,2023,121972
4,500,5,60,0,1.5,15,3,1,20,8,7,1763,99.86726772,1798,110,113,171,236,360,573,1129,2708,121789
7,500,5,60,0,0,15,3,1,20,8,7,1572,99.97420486,1587,44,63,73,98,148,287,831,1794,124062
1,500,5,60,0,5,15,3,1,20,8,7,2802,99.92912597,2876,231,262,293,346,407,711,1075,2045,120741
5,500,5,60,0,1,15,3,1,20,9,8,1727,99.96215494,1744,80,108,145,182,241,416,910,2204,122957
3,500,5,60,0,2,15,3,1,20,9,8,2009,99.42030276,2054,141,160,260,342,379,568,1018,2087,121978
6,500,5,60,0,0.5,15,3,1,20,9,8,1676,99.78984862,1692,73,75,85,133,219,413,944,2201,123152
2,500,5,60,0,3,15,3,1,20,9,8,2337,99.9777382,2400,178,214,270,337,382,510,832,1744,122120
7,500,5,60,0,0,15,3,1,20,9,8,1611,99.86642921,1628,51,65,69,101,180,335,861,1910,123787
4,500,5,60,0,1.5,15,3,1,20,9,8,1857,99.64024933,1900,102,136,187,274,361,582,1083,2217,122145
1,500,5,60,0,5,15,3,1,20,9,8,3023,99.70080142,3099,240,243,304,334,463,721,1040,2157,120386
5,500,5,60,0,1,15,3,1,20,10,9,1777,99.85253456,1801,100,114,160,188,273,452,969,2042,122888
3,500,5,60,0,2,15,3,1,20,10,9,2126,99.16409537,2171,153,194,273,291,421,571,979,1974,121960
6,500,5,60,0,0.5,15,3,1,20,10,9,1716,99.30835504,1748,62,71,94,148,238,446,913,2172,123095
2,500,5,60,0,3,15,3,1,20,10,9,2490,99.86575837,2560,193,229,269,331,399,521,855,1846,121784
7,500,5,60,0,0,15,3,1,20,10,9,1653,99.8268884,1668,53,73,62,90,180,344,745,1756,124016
4,500,5,60,0,1.5,15,3,1,20,10,9,1947,99.49188539,1986,123,160,205,284,364,631,1038,2107,122089
1,500,5,60,0,5,15,3,1,20,10,9,3217,99.42215989,3295,238,240,307,333,470,719,1050,2107,120228
5,500,5,60,0,1,15,3,1,20,11,10,1841,99.63205829,1877,100,124,148,204,300,510,945,2000,122779
3,500,5,60,0,2,15,3,1,20,11,10,2240,99.04663024,2291,171,208,262,291,421,572,943,2199,121629
6,500,5,60,0,0.5,15,3,1,20,11,10,1769,99.11165756,1790,66,66,112,156,256,462,806,1744,123529
7,500,5,60,0,0,15,3,1,20,11,10,1689,99.68196721,1707,60,61,61,103,206,355,692,1603,124139
2,500,5,60,0,3,15,3,1,20,11,10,2639,99.74553734,2703,212,211,288,334,369,547,886,2048,121389
4,500,5,60,0,1.5,15,3,1,20,11,10,2045,99.17795993,2077,142,159,198,318,424,621,1039,2259,121750
1,500,5,60,0,5,15,3,1,20,11,10,3396,99.14535519,3481,231,264,277,351,493,666,998,1942,120284
5,500,5,60,0,1,15,3,1,20,12,11,1916,99.53698447,1946,115,122,162,221,334,549,909,1962,122667
3,500,5,60,0,2,15,3,1,20,12,11,2351,98.82250793,2409,173,208,241,327,383,598,921,2240,121487
7,500,5,60,0,0,15,3,1,20,12,11,1736,99.59776256,1755,52,54,63,133,206,361,590,1317,124456
6,500,5,60,0,0.5,15,3,1,20,12,11,1810,99.00717983,1823,71,70,135,161,272,450,689,1506,123810
2,500,5,60,0,3,15,3,1,20,12,11,2772,99.66722324,2857,200,231,265,318,410,551,925,2074,121156
4,500,5,60,0,1.5,15,3,1,20,12,11,2115,99.07330105,2176,141,145,217,312,410,587,934,2035,122030
1,500,5,60,0,5,15,3,1,20,12,11,3566,98.85940892,3653,234,254,238,392,493,629,931,1958,120205
5,500,5,60,0,1,15,3,1,20,13,12,1978,99.4924476,2022,111,131,175,266,351,554,916,2154,122307
3,500,5,60,0,2,15,3,1,20,13,12,2442,98.68387793,2504,190,195,242,329,386,591,825,1950,121775
7,500,5,60,0,0,15,3,1,20,13,12,1755,99.42324291,1776,63,56,85,158,223,335,543,1350,124398
6,500,5,60,0,0.5,15,3,1,20,13,12,1856,98.95715166,1883,57,89,124,182,299,408,634,1528,123783
2,500,5,60,0,3,15,3,1,20,13,12,2921,99.55625771,2996,194,238,263,325,402,583,911,2163,120912
4,500,5,60,0,1.5,15,3,1,20,13,12,2199,99.0431566,2241,148,159,220,283,372,485,721,1558,122800
1,500,5,60,0,5,15,3,1,20,13,12,3725,98.78776202,3795,212,242,271,371,458,594,867,1701,120476
5,500,5,60,0,1,15,3,1,20,14,13,2050,99.41248032,2084,116,145,187,295,381,548,875,2131,122225
3,500,5,60,0,2,15,3,1,20,14,13,2535,98.65650494,2614,198,197,239,296,399,531,808,1740,121965
7,500,5,60,0,0,15,3,1,20,14,13,1802,99.34306569,1815,55,67,124,156,231,374,571,1581,124013
6,500,5,60,0,0.5,15,3,1,20,14,13,1889,98.81136396,1908,72,104,135,168,312,397,635,1508,123748
2,500,5,60,0,3,15,3,1,20,14,13,3040,99.51481322,3101,214,227,284,292,413,564,881,2086,120925
4,500,5,60,0,1.5,15,3,1,20,14,13,2290,99.03578074,2326,154,150,222,278,351,467,652,1405,122982
1,500,5,60,0,5,15,3,1,20,14,13,3840,98.54973522,3917,225,198,318,339,465,567,754,1614,120590
5,500,5,60,0,1,15,3,1,20,15,14,2109,99.32847983,2146,119,159,216,284,412,510,880,2169,122092
3,500,5,60,0,2,15,3,1,20,15,14,2662,98.66444029,2725,175,204,233,310,380,474,884,1570,122032
7,500,5,60,0,0,15,3,1,20,15,14,1826,99.33395672,1849,50,88,130,179,231,394,648,1892,123526
6,500,5,60,0,0.5,15,3,1,20,15,14,1921,98.85292546,1938,88,101,144,187,261,389,555,1472,123852
2,500,5,60,0,3,15,3,1,20,15,14,3151,99.17833289,3230,200,218,271,282,411,538,906,1747,121184
4,500,5,60,0,1.5,15,3,1,20,15,14,2363,98.97902752,2416,138,173,209,261,335,445,624,1273,123113
1,500,5,60,0,5,15,3,1,20,15,14,3960,98.22775848,4052,202,224,304,345,462,546,780,1642,120430
5,500,5,60,0,1,15,3,1,20,16,15,2164,99.2503444,2210,128,165,239,298,393,505,885,2232,121932
7,500,5,60,0,0,15,3,1,20,16,15,1853,99.26011271,1872,72,98,125,179,252,334,695,1982,123378
3,500,5,60,0,2,15,3,1,20,16,15,2761,98.52310582,2816,175,215,245,295,387,453,840,1601,121960
6,500,5,60,0,0.5,15,3,1,20,16,15,1935,98.85222292,1970,95,110,134,206,248,374,559,1505,123786
4,500,5,60,0,1.5,15,3,1,20,16,15,2435,98.92886662,2478,141,182,210,255,326,413,634,1263,123085
2,500,5,60,0,3,15,3,1,20,16,15,3254,99.01415153,3322,218,201,267,279,393,503,908,1782,121114
1,500,5,60,0,5,15,3,1,20,16,15,4077,98.06462116,4159,185,259,283,369,436,522,795,1670,120309
5,500,5,60,0,1,15,3,1,20,17,16,2223,98.98220179,2275,117,173,246,303,371,523,862,2306,121811
7,500,5,60,0,0,15,3,1,20,17,16,1881,99.22253654,1906,77,96,145,190,229,324,730,1877,123413
3,500,5,60,0,2,15,3,1,20,17,16,2836,98.50789722,2895,187,202,238,283,376,474,773,1626,121933
6,500,5,60,0,0.5,15,3,1,20,17,16,1983,98.87057992,2019,95,112,160,195,248,366,553,1656,123583
4,500,5,60,0,1.5,15,3,1,20,17,16,2485,98.81046676,2541,148,178,212,249,294,381,618,1303,123063
2,500,5,60,0,3,15,3,1,20,17,16,3341,98.76885903,3412,193,230,247,284,346,493,830,1719,121233
1,500,5,60,0,5,15,3,1,20,17,16,4169,97.64992928,4254,186,258,272,369,365,529,768,1623,120363
7,500,5,60,0,0,15,3,1,20,18,17,1921,99.20427474,1945,85,93,158,197,221,343,743,1708,123494
5,500,5,60,0,1,15,3,1,20,18,17,2278,98.89112769,2330,141,166,243,312,343,483,811,2098,122060
3,500,5,60,0,2,15,3,1,20,18,17,2917,98.42246466,2980,192,198,227,270,394,461,632,1702,121931
6,500,5,60,0,0.5,15,3,1,20,18,17,2017,98.83068017,2061,95,112,171,184,260,350,578,1639,123537
4,500,5,60,0,1.5,15,3,1,20,18,17,2535,98.81119893,2595,164,164,216,249,279,386,606,1575,122753
2,500,5,60,0,3,15,3,1,20,18,17,3423,98.35778693,3487,206,210,238,287,329,460,696,1582,121492
1,500,5,60,0,5,15,3,1,20,18,17,4255,97.41945898,4321,242,235,287,328,406,479,683,1642,120364
7,500,5,60,0,0,15,3,1,20,19,18,1945,98.95443999,1970,95,100,170,187,228,369,697,1738,123433
5,500,5,60,0,1,15,3,1,20,19,18,2342,98.87987766,2383,131,191,271,272,341,463,804,1982,122149
3,500,5,60,0,2,15,3,1,20,19,18,2986,98.36859312,3051,174,194,232,275,377,454,657,1657,121916
6,500,5,60,0,0.5,15,3,1,20,19,18,2059,98.80099135,2091,95,119,158,188,242,346,565,1418,123765
4,500,5,60,0,1.5,15,3,1,20,19,18,2596,98.71208606,2656,165,162,188,257,279,389,584,1687,122620
2,500,5,60,0,3,15,3,1,20,19,18,3511,98.09850243,3580,174,229,223,277,341,454,628,1521,121560
1,500,5,60,0,5,15,3,1,20,19,18,4360,97.16557688,4433,230,234,295,320,409,473,622,1823,120148
7,500,5,60,0,0,15,3,1,20,20,19,1985,98.91503857,2018,95,134,131,187,231,373,624,1691,123503
5,500,5,60,0,1,15,3,1,20,20,19,2384,98.72096984,2433,146,173,273,255,306,447,796,1872,122286
3,500,5,60,0,2,15,3,1,20,20,19,3040,98.30538022,3111,181,181,247,266,388,398,687,1578,121950
4,500,5,60,0,1.5,15,3,1,20,20,19,2668,98.64753031,2730,143,165,201,215,306,350,555,1575,122747
6,500,5,60,0,0.5,15,3,1,20,20,19,2096,98.81524897,2131,102,114,151,183,263,346,541,1386,123770
2,500,5,60,0,3,15,3,1,20,20,19,3586,98.07514277,3644,205,198,231,270,323,414,596,1422,121684
7,500,5,60,0,0,15,3,1,20,21,20,2029,98.81383588,2065,89,128,161,176,247,399,652,1689,123381
1,500,5,60,0,5,15,3,1,20,20,19,4466,97.02144074,4532,223,243,304,309,391,473,691,2095,119726
5,500,5,60,0,1,15,3,1,20,21,20,2439,98.61288168,2494,144,192,244,269,301,480,777,1945,122141
3,500,5,60,0,2,15,3,1,20,21,20,3107,98.2273855,3179,173,189,246,277,340,433,654,1660,121836
4,500,5,60,0,1.5,15,3,1,20,21,20,2724,98.49112595,2788,144,159,202,205,293,369,575,1468,122784
6,500,5,60,0,0.5,15,3,1,20,21,20,2123,98.68301527,2153,122,117,147,191,243,345,573,1634,123462
2,500,5,60,0,3,15,3,1,20,21,20,3663,98.02051527,3722,205,200,234,238,313,411,609,1612,121443
7,500,5,60,0,0,15,3,1,20,22,21,2046,98.65588851,2073,96,141,155,171,238,394,629,1602,123488
5,500,5,60,0,1,15,3,1,20,22,21,2499,98.33782676,2543,158,210,226,259,330,444,843,1931,122043
1,500,5,60,0,5,15,3,1,20,21,20,4544,96.88721374,4623,200,277,282,294,366,466,730,2185,119564
3,500,5,60,0,2,15,3,1,20,22,21,3156,98.10838874,3235,178,191,219,284,341,406,662,1659,121812
4,500,5,60,0,1.5,15,3,1,20,22,21,2776,98.37271154,2850,150,154,203,220,254,372,618,1497,122669
6,500,5,60,0,0.5,15,3,1,20,22,21,2149,98.67838601,2190,109,121,133,205,220,319,587,1639,123464
2,500,5,60,0,3,15,3,1,20,22,21,3728,97.71363512,3805,203,195,213,244,301,402,624,1754,121246
7,500,5,60,0,0,15,3,1,20,23,22,2027,98.60977522,2069,105,118,153,169,220,307,520,1049,124277
5,500,5,60,0,1,15,3,1,20,23,22,2534,98.1348667,2584,176,201,238,250,311,448,802,1772,122205
1,500,5,60,0,5,15,3,1,20,22,21,4625,96.68977138,4695,217,259,261,300,348,451,732,1971,119753
3,500,5,60,0,2,15,3,1,20,23,22,3214,98.11282453,3272,183,192,234,275,300,430,663,1669,121769
6,500,5,60,0,0.5,15,3,1,20,23,22,2187,98.54364872,2228,117,108,156,173,233,325,586,1654,123407
4,500,5,60,0,1.5,15,3,1,20,23,22,2845,98.2193762,2894,160,159,178,225,276,373,573,1662,122487
2,500,5,60,0,3,15,3,1,20,23,22,3789,97.48823837,3860,209,192,207,233,320,362,614,1841,121149
7,500,5,60,0,0,15,3,1,20,24,23,2068,98.52517325,2095,98,127,141,177,217,321,465,972,124374
5,500,5,60,0,1,15,3,1,20,24,23,2577,98.00192035,2628,187,187,225,248,298,441,693,1514,122566
3,500,5,60,0,2,15,3,1,20,24,23,3271,98.09075728,3331,190,195,237,276,318,388,671,1740,121641
1,500,5,60,0,5,15,3,1,20,23,22,4689,96.32549225,4751,247,234,261,285,336,408,660,1654,120151
4,500,5,60,0,1.5,15,3,1,20,24,23,2887,98.18719212,2932,170,155,191,223,271,364,612,1838,122231
6,500,5,60,0,0.5,15,3,1,20,24,23,2187,98.54579611,2248,116,118,152,165,213,319,596,1554,123506
2,500,5,60,0,3,15,3,1,20,24,23,3846,97.39074894,3909,206,196,190,239,299,387,580,1716,121265
7,500,5,60,0,0,15,3,1,20,25,24,2098,98.39067009,2128,96,127,129,181,218,306,467,965,124370
5,500,5,60,0,1,15,3,1,20,25,24,2643,97.98501122,2711,147,192,226,244,315,461,700,1699,122292
3,500,5,60,0,2,15,3,1,20,25,24,3328,97.97483168,3392,169,224,241,254,331,400,674,1765,121537
1,500,5,60,0,5,15,3,1,20,24,23,4738,95.87684729,4818,230,235,266,271,327,414,663,1421,120342
4,500,5,60,0,1.5,15,3,1,20,25,24,2922,98.04007695,2973,170,155,187,219,280,367,621,1828,122187
6,500,5,60,0,0.5,15,3,1,20,25,24,2259,98.4690606,2295,107,126,161,156,226,330,637,1659,123290
2,500,5,60,0,3,15,3,1,20,25,24,3897,97.2828631,3971,198,160,201,240,262,384,617,1512,121442
7,500,5,60,0,0,15,3,1,20,26,25,2131,98.40878613,2161,111,135,139,152,227,332,416,1144,124170
5,500,5,60,0,1,15,3,1,20,26,25,2690,97.89672447,2754,177,188,214,236,363,442,785,1919,121909
3,500,5,60,0,2,15,3,1,20,26,25,3371,97.98612717,3436,188,201,245,245,331,418,712,1763,121448
1,500,5,60,0,5,15,3,1,20,25,24,4788,95.67842257,4879,208,240,267,281,309,401,662,1468,120272
4,500,5,60,0,1.5,15,3,1,20,26,25,2954,97.94111753,3015,149,165,172,206,253,388,613,1712,122314
6,500,5,60,0,0.5,15,3,1,20,26,25,2274,98.41757225,2311,125,133,139,169,231,339,655,1584,123301
2,500,5,60,0,3,15,3,1,20,26,25,3922,97.02728324,4013,198,159,194,225,251,391,582,1361,121613
7,500,5,60,0,0,15,3,1,20,27,26,2150,98.40715452,2184,130,119,133,166,245,320,418,1377,123895
5,500,5,60,0,1,15,3,1,20,27,26,2724,97.82818762,2775,201,187,212,239,370,447,744,1985,121827
3,500,5,60,0,2,15,3,1,20,27,26,3420,98.00749592,3488,196,201,238,266,301,382,735,1911,121269
1,500,5,60,0,5,15,3,1,20,26,25,4853,95.53263969,4934,211,235,259,301,286,392,637,1599,120133
4,500,5,60,0,1.5,15,3,1,20,27,26,2983,97.91583791,3038,161,161,183,190,268,395,540,1473,122578
6,500,5,60,0,0.5,15,3,1,20,27,26,2285,98.29248924,2327,132,138,116,175,197,343,621,1404,123534
2,500,5,60,0,3,15,3,1,20,27,26,3984,96.98775419,4066,174,153,199,219,272,349,501,1250,121804
7,500,5,60,0,0,15,3,1,20,28,27,2182,98.35554283,2220,127,115,132,172,236,285,453,1597,123650
5,500,5,60,0,1,15,3,1,20,28,27,2750,97.78136406,2806,189,202,193,249,328,452,678,1857,122033
3,500,5,60,0,2,15,3,1,20,28,27,3468,97.85035425,3536,202,194,258,259,296,409,755,2080,120998
1,500,5,60,0,5,15,3,1,20,27,26,4924,95.40700609,5003,214,226,249,295,296,393,647,1730,119934
4,500,5,60,0,1.5,15,3,1,20,28,27,3033,97.85006799,3090,156,158,181,180,292,387,597,1469,122477
6,500,5,60,0,0.5,15,3,1,20,28,27,2317,98.25520647,2357,125,127,126,179,198,364,572,1442,123497
2,500,5,60,0,3,15,3,1,20,28,27,4023,96.87089387,4096,186,156,186,209,287,323,519,1277,121748
7,500,5,60,0,0,15,3,1,20,29,28,2171,98.29360144,2212,147,127,118,161,226,269,522,1646,123559
5,500,5,60,0,1,15,3,1,20,29,28,2774,97.59307629,2836,190,190,207,262,279,450,664,1674,122235
3,500,5,60,0,2,15,3,1,20,29,28,3515,97.72588447,3591,188,194,248,273,296,422,736,2164,120875
1,500,5,60,0,5,15,3,1,20,28,27,4962,95.23108853,5035,252,213,272,234,306,424,638,1741,119872
4,500,5,60,0,1.5,15,3,1,20,29,28,3079,97.70156164,3130,154,172,176,180,301,357,668,1653,122196
6,500,5,60,0,0.5,15,3,1,20,29,28,2279,98.21897457,2318,160,121,141,159,202,348,469,1231,123838
2,500,5,60,0,3,15,3,1,20,29,28,4073,96.83402432,4130,177,185,166,219,286,326,557,1582,121359
7,500,5,60,0,0,15,3,1,20,30,29,2175,98.25849977,2228,145,118,114,140,190,272,525,1463,123792
5,500,5,60,0,1,15,3,1,20,30,29,2794,97.48907889,2863,194,183,218,245,256,415,648,1466,122499
3,500,5,60,0,2,15,3,1,20,30,29,3521,97.66916038,3587,217,215,204,284,286,421,676,1896,121201
1,500,5,60,0,5,15,3,1,20,29,28,5010,95.00359315,5096,238,203,277,245,290,413,621,1754,119850
4,500,5,60,0,1.5,15,3,1,20,30,29,3114,97.64705097,3163,172,156,174,186,298,383,713,1812,121930
6,500,5,60,0,0.5,15,3,1,20,30,29,2278,98.1242402,2339,143,123,142,152,208,294,448,1077,124061
2,500,5,60,0,3,15,3,1,20,30,29,4117,96.73108009,4181,169,184,158,227,292,317,573,1713,121173
7,500,5,60,0,0,15,3,1,20,31,30,2200,98.18720103,2250,137,109,118,142,178,278,555,1409,123811
5,500,5,60,0,1,15,3,1,20,31,30,2820,97.30491273,2905,181,167,220,230,283,358,650,1393,122600
3,500,5,60,0,2,15,3,1,20,31,30,3575,97.59573368,3643,200,202,192,292,285,421,657,1793,121302
1,500,5,60,0,5,15,3,1,20,30,29,5051,94.67891256,5127,251,204,252,243,296,420,617,1675,119902
4,500,5,60,0,1.5,15,3,1,20,31,30,3126,97.57892696,3189,184,142,181,203,291,374,749,1989,121685
6,500,5,60,0,0.5,15,3,1,20,31,30,2299,98.04705882,2359,125,133,143,143,211,257,443,1008,124165
2,500,5,60,0,3,15,3,1,20,31,30,4143,96.60801551,4200,188,176,169,214,275,352,607,1696,121110
7,500,5,60,0,0,15,3,1,20,32,31,2232,98.10639364,2272,133,96,119,130,163,262,616,1353,123843
5,500,5,60,0,1,15,3,1,20,32,31,2864,97.20827854,2930,175,165,218,219,276,345,574,1360,122725
3,500,5,60,0,2,15,3,1,20,32,31,3612,97.49026238,3684,197,194,214,253,291,407,675,1842,121230
4,500,5,60,0,1.5,15,3,1,20,32,31,3134,97.46991045,3224,182,138,170,215,277,421,662,1842,121856
6,500,5,60,0,0.5,15,3,1,20,32,31,2335,98.06424948,2376,128,134,138,152,200,238,439,1043,124139
1,500,5,60,0,5,15,3,1,20,31,30,5073,94.46399483,5174,247,214,232,239,276,403,613,1609,119980
2,500,5,60,0,3,15,3,1,20,32,31,4178,96.57336089,4250,185,164,183,218,265,379,678,1794,120871
7,500,5,60,0,0,15,3,1,20,33,32,2290,98.06958951,2327,106,92,119,133,183,286,632,1552,123557
5,500,5,60,0,1,15,3,1,20,33,32,2853,97.15508866,2915,205,153,191,232,262,344,537,1313,122835
3,500,5,60,0,2,15,3,1,20,33,32,3645,97.39865193,3727,190,179,227,242,275,394,690,1713,121350
4,500,5,60,0,1.5,15,3,1,20,33,32,3200,97.34867622,3272,158,141,184,223,270,425,658,1693,121963
6,500,5,60,0,0.5,15,3,1,20,33,32,2368,98.01742774,2413,127,134,134,140,187,264,436,1306,123846
1,500,5,60,0,5,15,3,1,20,32,31,5134,94.36508235,5218,248,218,203,252,280,378,605,1430,120155
2,500,5,60,0,3,15,3,1,20,33,32,4216,96.34831188,4289,183,158,191,227,269,371,699,1949,120651
7,500,5,60,0,0,15,3,1,20,34,33,2325,97.98131667,2359,102,99,123,132,197,303,656,1673,123343
5,500,5,60,0,1,15,3,1,20,34,33,2841,97.04880061,2905,194,171,204,233,243,369,493,1399,122776
3,500,5,60,0,2,15,3,1,20,34,33,3677,97.36022868,3761,189,194,221,218,263,391,658,1628,121464
6,500,5,60,0,0.5,15,3,1,20,34,33,2386,97.94825249,2429,128,132,139,129,191,259,438,1424,123718
4,500,5,60,0,1.5,15,3,1,20,34,33,3248,97.28903165,3308,153,144,193,215,284,402,664,1684,121940
2,500,5,60,0,3,15,3,1,20,34,33,4248,96.29804915,4319,187,175,179,219,269,376,667,1929,120667
1,500,5,60,0,5,15,3,1,20,33,32,5149,94.10304834,5240,255,221,213,221,268,389,590,1326,120264
7,500,5,60,0,0,15,3,1,20,35,34,2313,97.89448071,2353,115,103,111,135,194,301,569,1426,123680
5,500,5,60,0,1,15,3,1,20,35,34,2856,96.92906218,2936,184,170,200,217,239,346,485,1383,122827
3,500,5,60,0,2,15,3,1,20,35,34,3695,97.28495362,3771,204,180,234,216,258,376,651,1570,121527
6,500,5,60,0,0.5,15,3,1,20,35,34,2374,97.95339517,2410,146,128,126,148,182,282,403,1525,123637
4,500,5,60,0,1.5,15,3,1,20,35,34,3287,97.24201305,3336,160,167,188,217,296,376,683,1789,121775
2,500,5,60,0,3,15,3,1,20,35,34,4277,96.24613535,4344,197,168,194,218,277,398,678,1872,120641
1,500,5,60,0,5,15,3,1,20,34,33,5184,93.9675252,5269,261,217,210,213,261,385,615,1346,120210
7,500,5,60,0,0,15,3,1,20,36,35,2201,97.88277206,2242,204,124,83,150,172,271,424,1125,124192
5,500,5,60,0,1,15,3,1,20,36,35,2904,96.82516003,2980,168,186,182,197,271,283,560,1552,122608
3,500,5,60,0,2,15,3,1,20,36,35,3719,97.1832452,3794,208,191,226,199,264,337,640,1519,121609
6,500,5,60,0,0.5,15,3,1,20,36,35,2408,97.95886446,2453,134,116,127,165,171,288,423,1570,123540
4,500,5,60,0,1.5,15,3,1,20,36,35,3297,97.14428055,3359,170,159,189,233,290,373,673,1848,121693
2,500,5,60,0,3,15,3,1,20,36,35,4292,96.17717785,4373,203,176,185,237,272,388,743,1884,120526
1,500,5,60,0,5,15,3,1,20,35,34,5202,93.87014772,5304,244,206,201,223,265,367,563,1276,120338
7,500,5,60,0,0,15,3,1,20,37,36,2222,97.8927643,2292,142,124,113,140,169,284,372,1022,124329
5,500,5,60,0,1,15,3,1,20,37,36,2935,96.77410095,2991,162,197,172,209,250,288,552,1615,122551
3,500,5,60,0,2,15,3,1,20,37,36,3759,97.14547227,3839,212,176,198,234,273,357,655,1589,121454
6,500,5,60,0,0.5,15,3,1,20,37,36,2430,97.92054809,2473,128,112,136,167,169,256,478,1492,123576
4,500,5,60,0,1.5,15,3,1,20,37,36,3278,97.01196924,3368,194,167,184,246,277,368,662,1676,121845
2,500,5,60,0,3,15,3,1,20,37,36,4320,96.00070407,4387,201,188,185,220,278,370,697,1656,120805
1,500,5,60,0,5,15,3,1,20,36,35,5247,93.60300584,5334,254,168,217,221,264,353,526,1268,120382
7,500,5,60,0,0,15,3,1,20,38,37,2248,97.90112324,2304,157,111,130,151,170,267,410,1092,124195
5,500,5,60,0,1,15,3,1,20,38,37,2956,96.70911776,3020,158,186,169,198,237,306,552,1621,122540
3,500,5,60,0,2,15,3,1,20,38,37,3793,97.07635923,3880,191,174,209,232,258,353,613,1596,121481
6,500,5,60,0,0.5,15,3,1,20,38,37,2444,97.91272478,2489,126,110,137,165,212,202,521,1430,123595
4,500,5,60,0,1.5,15,3,1,20,38,37,3319,96.90402362,3399,189,186,189,268,252,393,658,1924,121529
2,500,5,60,0,3,15,3,1,20,38,37,4302,95.86816432,4369,236,182,170,207,278,347,643,1376,121179
1,500,5,60,0,5,15,3,1,20,37,36,5269,93.4260182,5354,263,170,212,227,253,360,492,1403,120253
7,500,5,60,0,0,15,3,1,20,39,38,2255,97.88906587,2310,128,136,135,158,168,240,416,1173,124123
5,500,5,60,0,1,15,3,1,20,39,38,2949,96.6706916,3000,202,162,177,187,237,309,515,1489,122709
3,500,5,60,0,2,15,3,1,20,39,38,3794,97.04768266,3868,198,185,195,240,238,372,561,1494,121636
6,500,5,60,0,0.5,15,3,1,20,39,38,2441,97.84251362,2492,127,121,128,160,214,215,517,1239,123774
4,500,5,60,0,1.5,15,3,1,20,39,38,3360,96.8935875,3448,172,199,193,255,238,427,638,1901,121516
2,500,5,60,0,3,15,3,1,20,39,38,4339,95.78106053,4442,189,179,183,201,275,331,578,1329,121280
1,500,5,60,0,5,15,3,1,20,38,37,5292,93.27231978,5390,240,182,204,227,272,337,532,1372,120231
7,500,5,60,0,0,15,3,1,20,40,39,2254,97.87280196,2281,145,139,129,170,174,215,416,1182,124136
5,500,5,60,0,1,15,3,1,20,40,39,2968,96.6009719,3040,185,162,172,197,229,331,484,1367,122820
3,500,5,60,0,2,15,3,1,20,40,39,3792,96.95325885,3877,198,177,214,225,233,338,542,1390,121793
6,500,5,60,0,0.5,15,3,1,20,40,39,2450,97.8112319,2493,125,116,132,147,196,231,464,1086,123997
4,500,5,60,0,1.5,15,3,1,20,40,39,3371,96.84609989,3450,203,189,178,246,263,417,657,1784,121600
2,500,5,60,0,3,15,3,1,20,40,39,4376,95.68528631,4470,182,171,191,211,267,334,583,1375,121203
1,500,5,60,0,5,15,3,1,20,39,38,5335,93.06427911,5432,214,206,191,194,269,342,528,1273,120338
7,500,5,60,0,0,15,3,1,20,41,40,2279,97.90317693,2322,151,118,130,154,182,233,416,1288,123993
5,500,5,60,0,1,15,3,1,20,41,40,2994,96.54687195,3062,184,166,171,203,232,345,482,1479,122663
3,500,5,60,0,2,15,3,1,20,41,40,3796,96.91187683,3872,220,176,198,201,235,350,491,1240,122004
6,500,5,60,0,0.5,15,3,1,20,41,40,2457,97.81466276,2497,134,104,113,153,194,244,384,1049,124115
4,500,5,60,0,1.5,15,3,1,20,41,40,3372,96.78729228,3466,208,175,176,231,281,373,632,1615,121830
2,500,5,60,0,3,15,3,1,20,41,40,4413,95.60865103,4483,196,172,194,210,263,328,571,1412,121158
1,500,5,60,0,5,15,3,1,20,40,39,5356,92.7939482,5440,230,193,193,208,249,311,557,1334,120272
7,500,5,60,0,0,15,3,1,20,42,41,2334,97.90662722,2382,141,112,124,139,185,246,410,1432,123816
5,500,5,60,0,1,15,3,1,20,42,41,2973,96.49887876,3041,215,148,196,183,225,319,465,1556,122639
3,500,5,60,0,2,15,3,1,20,42,41,3795,96.8337707,3887,221,176,197,186,236,341,476,1186,122081
6,500,5,60,0,0.5,15,3,1,20,42,41,2475,97.8208884,2533,129,98,118,150,201,240,381,1231,123906
4,500,5,60,0,1.5,15,3,1,20,42,41,3404,96.77580037,3490,208,182,164,229,287,370,571,1445,122041
2,500,5,60,0,3,15,3,1,20,42,41,4405,95.52998712,4478,212,184,187,208,266,300,533,1324,121295
7,500,5,60,0,0,15,3,1,20,43,42,2361,97.9388573,2418,135,114,112,147,157,243,432,1519,123710
5,500,5,60,0,1,15,3,1,20,43,42,2951,96.49622518,3032,220,158,188,171,226,291,500,1544,122657
1,500,5,60,0,5,15,3,1,20,41,40,5378,92.63758553,5464,241,166,205,197,232,309,555,1505,120113
3,500,5,60,0,2,15,3,1,20,43,42,3792,96.80016777,3875,215,231,191,169,205,332,451,1152,122166
6,500,5,60,0,0.5,15,3,1,20,43,42,2521,97.84984621,2565,127,85,137,173,178,257,405,1552,123508
4,500,5,60,0,1.5,15,3,1,20,43,42,3418,96.66748998,3505,227,166,194,188,266,339,546,1269,122287
2,500,5,60,0,3,15,3,1,20,43,42,4392,95.43489608,4477,235,186,184,221,241,297,518,1446,121182
7,500,5,60,0,0,15,3,1,20,44,43,2371,97.84305688,2431,132,124,103,146,163,220,427,1388,123853
5,500,5,60,0,1,15,3,1,20,44,43,2986,96.51359475,3075,187,169,161,181,220,285,479,1451,122779
1,500,5,60,0,5,15,3,1,20,42,41,5429,92.46209266,5514,237,162,182,195,228,324,620,1686,119839
3,500,5,60,0,2,15,3,1,20,44,43,3856,96.75729836,3934,189,211,182,193,218,312,468,1342,121938
6,500,5,60,0,0.5,15,3,1,20,44,43,2549,97.86141094,2590,114,112,120,179,174,265,470,2131,122832
4,500,5,60,0,1.5,15,3,1,20,44,43,3473,96.66161133,3555,205,166,183,195,274,336,574,1431,122068
2,500,5,60,0,3,15,3,1,20,44,43,4436,95.3423965,4519,212,184,193,212,241,314,559,1568,120985
7,500,5,60,0,0,15,3,1,20,45,44,2408,97.83416459,2472,130,113,108,142,161,233,464,1325,123839
5,500,5,60,0,1,15,3,1,20,45,44,2922,96.46495369,2976,237,193,148,173,186,256,466,1046,123306
1,500,5,60,0,5,15,3,1,20,43,42,5424,92.26367788,5512,253,167,168,192,222,338,647,1645,119843
3,500,5,60,0,2,15,3,1,20,45,44,3889,96.71753652,3976,189,185,184,191,249,296,510,1638,121569
6,500,5,60,0,0.5,15,3,1,20,45,44,2589,97.86622729,2635,106,107,169,131,200,264,576,2537,122262
4,500,5,60,0,1.5,15,3,1,20,45,44,3491,96.60634129,3571,196,197,165,195,249,332,575,1515,121992
2,500,5,60,0,3,15,3,1,20,45,44,4451,95.29199323,4527,224,179,203,201,234,322,537,1518,121042
7,500,5,60,0,0,15,3,1,20,46,45,2436,97.75164452,2501,116,117,114,131,176,224,499,1312,123797
5,500,5,60,0,1,15,3,1,20,46,45,2892,96.49836637,2983,218,191,165,155,188,283,373,1021,123410
1,500,5,60,0,5,15,3,1,20,44,43,5371,92.15020267,5499,259,185,150,174,245,312,559,1387,120217
3,500,5,60,0,2,15,3,1,20,46,45,3919,96.64221303,3988,204,159,201,203,253,310,524,1740,121405
4,500,5,60,0,1.5,15,3,1,20,46,45,3509,96.52454803,3590,195,193,164,198,233,297,530,1554,122033
6,500,5,60,0,0.5,15,3,1,20,46,45,2594,97.77704204,2654,112,109,165,128,203,292,656,2590,122078
2,500,5,60,0,3,15,3,1,20,46,45,4467,95.24138532,4562,210,178,193,208,234,301,481,1383,121237
7,500,5,60,0,0,15,3,1,20,47,46,2424,97.66994969,2488,130,119,106,117,191,214,418,1192,124012
5,500,5,60,0,1,15,3,1,20,47,46,2932,96.49543788,3024,215,176,166,157,185,291,391,1169,123213
3,500,5,60,0,2,15,3,1,20,47,46,3912,96.58002899,3988,221,173,225,183,232,329,597,1952,121087
1,500,5,60,0,5,15,3,1,20,45,44,5401,92.02916815,5523,224,209,160,166,258,288,542,1203,120414
4,500,5,60,0,1.5,15,3,1,20,47,46,3491,96.51624456,3602,229,170,172,192,231,312,566,1796,121717
6,500,5,60,0,0.5,15,3,1,20,47,46,2567,97.7587192,2618,158,128,147,128,223,293,699,2124,122469
2,500,5,60,0,3,15,3,1,20,47,46,4500,95.12586339,4582,203,179,200,201,227,298,497,1422,121178
7,500,5,60,0,0,15,3,1,20,48,47,2433,97.67657496,2489,141,120,93,122,186,210,426,1058,124142
5,500,5,60,0,1,15,3,1,20,48,47,2919,96.4967645,2995,234,200,160,145,201,228,410,1284,123130
3,500,5,60,0,2,15,3,1,20,48,47,3938,96.44516345,4007,211,172,212,208,239,324,589,2038,120987
1,500,5,60,0,5,15,3,1,20,46,45,5446,91.8374646,5551,243,174,175,162,221,302,545,1107,120507
4,500,5,60,0,1.5,15,3,1,20,48,47,3549,96.42199307,3636,221,180,165,189,224,336,567,1774,121695
6,500,5,60,0,0.5,15,3,1,20,48,47,2590,97.67590698,2645,142,120,158,157,201,353,696,1969,122546
2,500,5,60,0,3,15,3,1,20,48,47,4518,95.0290569,4593,208,164,220,178,244,317,499,1471,121093
7,500,5,60,0,0,15,3,1,20,49,48,2349,97.69875675,2399,206,127,84,126,169,183,382,890,124421
5,500,5,60,0,1,15,3,1,20,49,48,2943,96.44110911,3043,212,176,166,157,196,237,428,1305,123067
3,500,5,60,0,2,15,3,1,20,49,48,3895,96.42503681,3996,228,180,200,196,240,288,614,1530,121515
1,500,5,60,0,5,15,3,1,20,47,46,5483,91.7519826,5594,226,168,163,179,208,315,559,1384,120191
4,500,5,60,0,1.5,15,3,1,20,49,48,3524,96.31543432,3617,224,169,183,196,216,327,537,1646,121872
6,500,5,60,0,0.5,15,3,1,20,49,48,2621,97.66415835,2670,139,120,173,150,198,340,696,1865,122636
2,500,5,60,0,3,15,3,1,20,49,48,4529,94.99496974,4609,217,183,182,192,244,310,514,1361,121175
7,500,5,60,0,0,15,3,1,20,50,49,2370,97.66201755,2432,155,137,101,124,155,191,379,847,124466
5,500,5,60,0,1,15,3,1,20,50,49,2974,96.4750511,3075,202,157,161,164,197,242,454,1389,122946
3,500,5,60,0,2,15,3,1,20,50,49,3902,96.38892229,4011,242,164,194,219,244,287,628,1458,121540
1,500,5,60,0,5,15,3,1,20,48,47,5502,91.60526865,5609,223,160,169,174,193,332,543,1411,120173
4,500,5,60,0,1.5,15,3,1,20,50,49,3532,96.27922729,3623,231,184,173,193,219,316,561,1473,122014
6,500,5,60,0,0.5,15,3,1,20,50,49,2644,97.61468478,2688,145,155,139,155,195,344,672,1674,122820
2,500,5,60,0,3,15,3,1,20,50,49,4562,94.94344916,4642,219,177,176,193,229,336,510,1543,120962
1,500,5,60,0,5,15,3,1,20,49,48,5388,91.49116637,5492,328,168,144,174,169,316,486,1175,120535
1,500,5,60,0,5,15,3,1,20,50,49,5437,91.41260871,5556,249,194,153,150,183,312,465,1127,120598
